image_id,user_id,request_id,related_event_id
image_01,user_03,request_03,event_253
image_02,user_16,request_16,event_1442
image_03,user_17,request_17,event_1545
image_04,user_19,request_19,event_1700
image_05,user_20,request_20,event_1786
image_06,user_33,request_33,event_3051
image_07,user_35,request_35,event_3231
image_08,user_48,request_48,event_4535
image_09,user_55,request_55,event_5170
image_10,user_64,request_64,event_6033
image_11,user_73,request_73,event_6859
image_12,user_78,request_78,event_7307
image_13,user_84,request_84,event_7941
image_14,user_101,request_101,event_9421
image_15,user_105,request_105,event_9806
image_16,user_113,request_113,event_10521
