request_id,amount_safe_to_pay,affordability_status,recommended_payment_method,payment_plan,earliest_date_for_full_payment,spending_changes_needed,decision_explanation
request_100,25122.03,not_affordable,not_recommended,none,2024-07-15,none,Do not make this payment by 2024-08-16. None of the available options keeps the ZAR 32500 minimum protected.
request_101,143500,affordable_now,full_payment,2025-11-03:143500,2025-11-03,none,Pay INR 143500 today. This leaves at least INR 187400 available over the next 90 days.
request_102,1716,affordable_with_plan,installments,2026-04-05:594.88|2026-05-05:594.88|2026-06-04:594.88,2026-04-05,none,"Use 3 installments of EUR 594.88, starting 2026-04-05. This leaves at least EUR 2314.86 available."
request_103,14737.21,not_affordable,not_recommended,none,,none,Do not make this payment by 2024-10-07. None of the available options keeps the INR 125500 minimum protected.
request_104,7900.42,not_affordable,not_recommended,none,,none,Do not make this payment by 2025-04-15. None of the available options keeps the ZAR 24700 minimum protected.
request_105,53500,affordable_now,full_payment,2026-06-08:53500,2026-06-08,none,Pay INR 53500 today. This leaves at least INR 73900 available over the next 90 days.
request_106,459.88,affordable_later,wait,2025-02-15:2207.70,2025-02-15,none,"Wait until 2025-02-15, then pay EUR 2207.70 in full. Paying earlier would put the EUR 1200 minimum at risk."
request_107,0,not_affordable,not_recommended,none,,none,Do not make this payment by 2025-07-04. None of the available options keeps the EUR 1600 minimum protected.
request_108,1754.06,not_affordable,not_recommended,none,,none,Do not make this payment by 2026-07-26. None of the available options keeps the ZAR 24100 minimum protected.
request_109,691.29,affordable_with_plan,installments,2024-03-18:645.98|2024-04-18:645.98|2024-05-19:645.98,2024-05-15,none,"Use 3 installments of EUR 645.98, starting 2024-03-18. This leaves at least EUR 1718.53 available."
request_110,22352,affordable_with_plan,installments,2025-08-06:7748.69|2025-09-03:7748.69|2025-10-01:7748.69,2025-08-06,none,"Use 3 installments of ZAR 7748.69, starting 2025-08-06. This leaves at least ZAR 25172.60 available."
request_111,16625000,affordable_now,full_payment,2026-04-03:16625000,2026-04-03,none,Pay IDR 16625000 today. This leaves at least IDR 23022800 available over the next 90 days.
request_112,271.70,affordable_now,full_payment,2024-06-05:271.70,2024-06-05,none,Pay EUR 271.70 today. This leaves at least EUR 500 available over the next 90 days.
request_113,25888.65,affordable_later,wait,2026-09-15:36500,2026-09-15,none,"Wait until 2026-09-15, then pay INR 36500 in full. Paying earlier would put the INR 82300 minimum at risk."
request_114,49326.13,affordable_later,wait,2026-01-15:65300,2026-01-15,none,"Wait until 2026-01-15, then pay INR 65300 in full. Paying earlier would put the INR 113400 minimum at risk."
request_115,14848.08,affordable_later,wait,2024-11-15:80500,2024-11-15,none,"Wait until 2024-11-15, then pay INR 80500 in full. Paying earlier would put the INR 38800 minimum at risk."
request_116,9538.59,not_affordable,not_recommended,none,,none,Do not make this payment by 2025-04-16. None of the available options keeps the INR 80300 minimum protected.
request_117,857.35,affordable_with_plan,full_payment,2026-07-05:880,2026-07-15,stop:event_10833|reduce_to:event_10878:20.50,Pay EUR 880 today. This leaves at least EUR 1000 available over the next 90 days.
request_118,668.90,not_affordable,not_recommended,none,2025-01-15,none,Do not make this payment by 2025-02-08. None of the available options keeps the EUR 600 minimum protected.
request_119,52488.53,not_affordable,not_recommended,none,2025-07-15,none,Do not make this payment by 2025-07-17. None of the available options keeps the INR 151200 minimum protected.
request_120,7714000,affordable_now,full_payment,2026-04-06:7714000,2026-04-06,none,Pay IDR 7714000 today. This leaves at least IDR 20050300 available over the next 90 days.
request_121,633.60,affordable_now,full_payment,2024-03-03:633.60,2024-03-03,none,Pay USD 633.60 today. This leaves at least USD 800 available over the next 90 days.
request_122,20558000,affordable_with_plan,installments,2025-08-05:7126773.33|2025-09-02:7126773.33|2025-09-30:7126773.33,2025-08-05,none,"Use 3 installments of IDR 7126773.33, starting 2025-08-05. This leaves at least IDR 30776717.20 available."
request_123,4076000,affordable_now,full_payment,2026-01-07:4076000,2026-01-07,none,Pay IDR 4076000 today. This leaves at least IDR 18091200 available over the next 90 days.
request_124,1553.48,affordable_with_plan,installments,2024-06-11:1076.12|2024-07-12:1076.12|2024-08-12:1076.12,2024-07-15,none,"Use 3 installments of EUR 1076.12, starting 2024-06-11. This leaves at least EUR 1693.97 available."
request_125,6468,affordable_now,full_payment,2025-11-06:6468,2025-11-06,none,Pay ZAR 6468 today. This leaves at least ZAR 11300 available over the next 90 days.
request_126,159600,affordable_now,full_payment,2026-07-03:159600,2026-07-03,none,Pay INR 159600 today. This leaves at least INR 129700 available over the next 90 days.
request_127,9287.58,affordable_later,wait,2024-10-15:23980,2024-10-15,none,"Wait until 2024-10-15, then pay ZAR 23980 in full. Paying earlier would put the ZAR 41000 minimum at risk."
request_128,25168,affordable_now,full_payment,2025-02-07:25168,2025-02-07,none,Pay ZAR 25168 today. This leaves at least ZAR 42600 available over the next 90 days.
request_129,113.97,not_affordable,not_recommended,none,,none,Do not make this payment by 2026-06-18. None of the available options keeps the USD 800 minimum protected.
request_130,463.35,affordable_later,wait,2025-01-15:1978.80,2025-01-15,none,"Wait until 2025-01-15, then pay USD 1978.80 in full. Paying earlier would put the USD 1400 minimum at risk."
request_131,1471.72,affordable_with_plan,installments,2025-05-06:643.14|2025-06-03:643.14|2025-07-01:643.14,2025-06-15,none,"Use 3 installments of USD 643.14, starting 2025-05-06. This leaves at least USD 1593.91 available."
request_132,378.09,affordable_later,wait,2026-01-15:379.86,2026-01-15,none,"Wait until 2026-01-15, then pay USD 379.86 in full. Paying earlier would put the USD 1100 minimum at risk."
request_133,15770000,not_affordable,not_recommended,none,2024-03-07,none,Do not make this payment by 2024-03-29. None of the available options keeps the IDR 9986200 minimum protected.
request_134,4951557.04,affordable_later,wait,2025-10-15:21831000,2025-10-15,none,"Wait until 2025-10-15, then pay IDR 21831000 in full. Paying earlier would put the IDR 15902500 minimum at risk."
request_135,284.76,affordable_with_plan,full_payment,2026-07-06:304.80,2026-07-15,stop:event_12413,Pay USD 304.80 today. This leaves at least USD 500 available over the next 90 days.
request_136,529.35,affordable_with_plan,full_payment,2024-06-03:560.40,2024-06-15,reduce_to:event_12498:27.20,Pay USD 560.40 today. This leaves at least USD 1100 available over the next 90 days.
request_137,33581.55,affordable_later,wait,2026-01-15:80100,2026-01-15,none,"Wait until 2026-01-15, then pay INR 80100 in full. Paying earlier would put the INR 71800 minimum at risk."
request_138,905.60,affordable_with_plan,partial_payment,2026-04-07:905.60|2026-04-15:351.34,2026-04-15,none,"Pay EUR 905.60 today, then EUR 351.34 on 2026-04-15. The balance stays above EUR 2300."
request_139,1775.07,not_affordable,not_recommended,none,2024-10-15,none,Do not make this payment by 2024-11-17. None of the available options keeps the USD 1500 minimum protected.
request_140,4184.61,not_affordable,not_recommended,none,,none,Do not make this payment by 2025-03-04. None of the available options keeps the ZAR 21600 minimum protected.
request_141,24439.03,not_affordable,not_recommended,none,,none,Do not make this payment by 2026-02-12. None of the available options keeps the INR 67300 minimum protected.
request_142,1263.60,affordable_now,full_payment,2024-12-05:1263.60,2024-12-05,none,Pay USD 1263.60 today. This leaves at least USD 1700 available over the next 90 days.
request_143,3023.84,affordable_later,wait,2025-07-15:12584,2025-07-15,none,"Wait until 2025-07-15, then pay ZAR 12584 in full. Paying earlier would put the ZAR 11300 minimum at risk."
request_144,233.34,affordable_now,full_payment,2026-07-04:233.34,2026-07-04,none,Pay USD 233.34 today. This leaves at least USD 600 available over the next 90 days.
request_145,28335.57,not_affordable,not_recommended,none,2024-05-15,none,Do not make this payment by 2024-05-26. None of the available options keeps the INR 155400 minimum protected.
request_146,20624.16,not_affordable,not_recommended,none,,none,Do not make this payment by 2025-10-17. None of the available options keeps the INR 108600 minimum protected.
request_147,407.86,affordable_with_plan,installments,2026-04-08:391.63|2026-05-08:391.63|2026-06-07:391.63,2026-05-15,none,"Use 3 installments of EUR 391.63, starting 2026-04-08. This leaves at least EUR 916.23 available."
request_148,7120.37,not_affordable,not_recommended,none,2024-08-15,none,Do not make this payment by 2024-08-18. None of the available options keeps the ZAR 20000 minimum protected.
request_149,9567.36,not_affordable,not_recommended,none,2026-01-15,none,Do not make this payment by 2026-01-19. None of the available options keeps the ZAR 42100 minimum protected.
request_150,266.78,not_affordable,not_recommended,none,2026-03-15,none,Do not make this payment by 2026-03-16. None of the available options keeps the EUR 700 minimum protected.
request_151,26999000,affordable_now,full_payment,2024-09-03:26999000,2024-09-03,none,Pay IDR 26999000 today. This leaves at least IDR 31633600 available over the next 90 days.
request_152,11883.16,not_affordable,not_recommended,none,2025-04-15,none,Do not make this payment by 2025-04-13. None of the available options keeps the ZAR 11900 minimum protected.
request_153,131.50,not_affordable,not_recommended,none,,none,Do not make this payment by 2026-09-24. None of the available options keeps the USD 1400 minimum protected.
request_154,1533.39,affordable_with_plan,installments,2024-12-07:91.35|2025-01-04:91.35|2025-02-01:91.35|2025-03-01:91.35|2025-03-29:91.35|2025-04-26:91.35|2025-05-24:91.35|2025-06-21:91.35|2025-07-19:91.35|2025-08-16:91.35|2025-09-13:91.35|2025-10-11:91.35|2025-11-08:91.35|2025-12-06:91.35|2026-01-03:91.35|2026-01-31:91.35|2026-02-28:91.35|2026-03-28:91.35|2026-04-25:91.35|2026-05-23:91.35|2026-06-20:91.35,2025-02-20,reduce_to:event_14186:27.20,"Use 21 installments of EUR 91.35, starting 2024-12-07. This leaves at least EUR 2670.82 available."
request_155,112500,affordable_now,full_payment,2025-05-06:112500,2025-05-06,none,Pay INR 112500 today. This leaves at least INR 56300 available over the next 90 days.
request_156,8525.28,affordable_later,wait,2026-06-15:43076,2026-06-15,none,"Wait until 2026-06-15, then pay ZAR 43076 in full. Paying earlier would put the ZAR 26900 minimum at risk."
request_157,5386255.24,affordable_later,wait,2024-04-15:23503000,2024-04-15,none,"Wait until 2024-04-15, then pay IDR 23503000 in full. Paying earlier would put the IDR 15714100 minimum at risk."
request_158,242600,affordable_with_plan,installments,2025-08-07:84101.33|2025-09-04:84101.33|2025-10-02:84101.33,2025-08-07,none,"Use 3 installments of INR 84101.33, starting 2025-08-07. This leaves at least INR 431918.04 available."
request_159,9753.47,not_affordable,not_recommended,none,,none,Do not make this payment by 2026-03-20. None of the available options keeps the ZAR 8700 minimum protected.
request_160,570.29,affordable_with_plan,installments,2024-06-13:432.05|2024-07-14:432.05|2024-08-14:432.05,2024-07-15,none,"Use 3 installments of EUR 432.05, starting 2024-06-13. This leaves at least EUR 1338.24 available."
request_161,0,not_affordable,not_recommended,none,,none,Do not make this payment by 2026-01-15. None of the available options keeps the IDR 23010400 minimum protected.
request_162,0,not_affordable,not_recommended,none,,none,Do not make this payment by 2026-08-26. None of the available options keeps the IDR 24161100 minimum protected.
request_163,11385585.79,affordable_with_plan,installments,2024-09-10:6692053.33|2024-10-11:6692053.33|2024-11-11:6692053.33,2024-10-15,none,"Use 3 installments of IDR 6692053.33, starting 2024-09-10. This leaves at least IDR 27746349.96 available."
request_164,25889860.39,affordable_with_plan,installments,2025-02-11:9366240|2025-03-11:9366240|2025-04-08:9366240,2025-04-15,reduce_to:event_15105:593750.00,"Use 3 installments of IDR 9366240, starting 2025-02-11. This leaves at least IDR 29640927.21 available."
request_165,80600,affordable_now,full_payment,2026-04-06:80600,2026-04-06,none,Pay INR 80600 today. This leaves at least INR 95000 available over the next 90 days.
request_166,2907.60,affordable_with_plan,installments,2024-12-03:1007.97|2025-01-03:1007.97|2025-02-03:1007.97,2024-12-03,none,"Use 3 installments of USD 1007.97, starting 2024-12-03. This leaves at least USD 4432.57 available."
request_167,43802,affordable_now,full_payment,2025-05-05:43802,2025-05-05,none,Pay ZAR 43802 today. This leaves at least ZAR 31200 available over the next 90 days.
request_168,34571.36,affordable_with_plan,partial_payment,2026-01-07:34571.36|2026-01-15:14808.64,2026-01-15,none,"Pay INR 34571.36 today, then INR 14808.64 on 2026-01-15. The balance stays above INR 114400."
request_169,41976,affordable_now,full_payment,2024-03-04:41976,2024-03-04,none,Pay ZAR 41976 today. This leaves at least ZAR 18700 available over the next 90 days.
request_170,32573799.85,affordable_with_plan,installments,2025-08-06:12804480|2025-09-03:12804480|2025-10-01:12804480,2025-08-15,none,"Use 3 installments of IDR 12804480, starting 2025-08-06. This leaves at least IDR 29438995.75 available."
request_171,0.23,not_affordable,not_recommended,none,,none,Do not make this payment by 2026-09-10. None of the available options keeps the EUR 500 minimum protected.
request_172,10200,affordable_with_plan,installments,2024-06-05:5304|2024-07-03:5304,2024-06-05,none,"Use 2 installments of ZAR 5304, starting 2024-06-05. This leaves at least ZAR 30583.33 available."
request_173,63781.08,affordable_with_plan,installments,2025-11-21:39173.33|2025-12-19:39173.33|2026-01-16:39173.33,2026-01-15,none,"Use 3 installments of INR 39173.33, starting 2025-11-21. This leaves at least INR 83750.79 available."
request_174,1146.20,affordable_with_plan,installments,2026-04-04:397.35|2026-05-04:397.35|2026-06-03:397.35,2026-04-04,none,"Use 3 installments of EUR 397.35, starting 2026-04-04. This leaves at least EUR 2542.73 available."
request_175,2346.30,affordable_now,full_payment,2024-09-06:2346.30,2024-09-06,none,Pay EUR 2346.30 today. This leaves at least EUR 1700 available over the next 90 days.
request_176,0,not_affordable,not_recommended,none,,none,Do not make this payment by 2025-02-27. None of the available options keeps the EUR 600 minimum protected.
request_177,1017.60,affordable_now,full_payment,2026-01-05:1017.60,2026-01-05,none,Pay USD 1017.60 today. This leaves at least USD 1300 available over the next 90 days.
request_178,2938.10,affordable_with_plan,installments,2024-12-07:1018.54|2025-01-07:1018.54|2025-02-07:1018.54,2024-12-07,none,"Use 3 installments of EUR 1018.54, starting 2024-12-07. This leaves at least EUR 3917.01 available."
request_179,8424490.98,affordable_later,wait,2025-07-15:41648000,2025-07-15,none,"Wait until 2025-07-15, then pay IDR 41648000 in full. Paying earlier would put the IDR 41430800 minimum at risk."
request_180,66500,affordable_now,full_payment,2026-07-06:66500,2026-07-06,none,Pay INR 66500 today. This leaves at least INR 37300 available over the next 90 days.
request_181,290.75,not_affordable,not_recommended,none,,none,Do not make this payment by 2024-04-07. None of the available options keeps the USD 2000 minimum protected.
request_182,65714,affordable_now,full_payment,2025-08-05:65714,2025-08-05,none,Pay ZAR 65714 today. This leaves at least ZAR 31100 available over the next 90 days.
request_183,24593231.21,not_affordable,not_recommended,none,2026-05-15,none,Do not make this payment by 2026-06-18. None of the available options keeps the IDR 11878300 minimum protected.
request_184,18461.47,not_affordable,not_recommended,none,,none,Do not make this payment by 2024-07-30. None of the available options keeps the INR 110800 minimum protected.
request_185,401.81,affordable_later,wait,2026-01-15:1257.30,2026-01-15,none,"Wait until 2026-01-15, then pay EUR 1257.30 in full. Paying earlier would put the EUR 1300 minimum at risk."
request_186,9823.41,affordable_later,wait,2026-03-15:26554,2026-03-15,none,"Wait until 2026-03-15, then pay ZAR 26554 in full. Paying earlier would put the ZAR 22000 minimum at risk."
request_187,37750.93,affordable_later,wait,2024-11-15:187500,2024-11-15,none,"Wait until 2024-11-15, then pay INR 187500 in full. Paying earlier would put the INR 128300 minimum at risk."
request_188,187.66,not_affordable,not_recommended,none,,none,Do not make this payment by 2025-03-04. None of the available options keeps the EUR 900 minimum protected.
request_189,488.40,affordable_now,full_payment,2026-07-04:488.40,2026-07-04,none,Pay EUR 488.40 today. This leaves at least EUR 400 available over the next 90 days.
request_190,619.27,affordable_later,wait,2025-02-15:2557.50,2025-02-15,none,"Wait until 2025-02-15, then pay EUR 2557.50 in full. Paying earlier would put the EUR 1600 minimum at risk."
request_191,664.40,affordable_now,full_payment,2025-05-03:664.40,2025-05-03,none,Pay EUR 664.40 today. This leaves at least EUR 500 available over the next 90 days.
request_192,0,not_affordable,not_recommended,none,,none,Do not make this payment by 2026-05-11. None of the available options keeps the USD 1000 minimum protected.
request_193,81.50,affordable_with_plan,installments,2024-03-21:420.23|2024-04-21:420.23|2024-05-22:420.23,2024-03-15,none,"Use 3 installments of EUR 420.23, starting 2024-03-21. This leaves at least EUR 1081.50 available."
request_194,39203.32,affordable_later,wait,2025-10-15:132800,2025-10-15,none,"Wait until 2025-10-15, then pay INR 132800 in full. Paying earlier would put the INR 113600 minimum at risk."
request_195,975.53,not_affordable,not_recommended,none,2026-03-15,none,Do not make this payment by 2026-03-11. None of the available options keeps the EUR 700 minimum protected.
request_196,762.30,affordable_now,full_payment,2024-06-03:762.30,2024-06-03,none,Pay EUR 762.30 today. This leaves at least EUR 500 available over the next 90 days.
request_197,0,not_affordable,not_recommended,none,,none,Do not make this payment by 2026-01-21. None of the available options keeps the IDR 26245900 minimum protected.
request_198,185800,affordable_now,full_payment,2026-07-07:185800,2026-07-07,none,Pay INR 185800 today. This leaves at least INR 124300 available over the next 90 days.
request_199,23674000,affordable_with_plan,installments,2024-09-07:8206986.67|2024-10-08:8206986.67|2024-11-08:8206986.67,2024-09-04,none,"Use 3 installments of IDR 8206986.67, starting 2024-09-07. This leaves at least IDR 60054613.77 available."
request_200,21717000,affordable_now,full_payment,2025-02-06:21717000,2025-02-06,none,Pay IDR 21717000 today. This leaves at least IDR 20114600 available over the next 90 days.
request_201,23997000,affordable_now,full_payment,2026-04-03:23997000,2026-04-03,none,Pay IDR 23997000 today. This leaves at least IDR 17304500 available over the next 90 days.
request_202,123900,affordable_now,full_payment,2024-12-05:123900,2024-12-05,none,Pay INR 123900 today. This leaves at least INR 147800 available over the next 90 days.
request_203,1442.10,affordable_with_plan,installments,2025-05-10:499.93|2025-06-07:499.93|2025-07-05:499.93,2025-05-07,none,"Use 3 installments of EUR 499.93, starting 2025-05-10. This leaves at least EUR 2239.13 available."
request_204,588.74,affordable_now,full_payment,2026-01-04:588.74,2026-01-04,none,Pay EUR 588.74 today. This leaves at least EUR 1300 available over the next 90 days.
request_205,10621000,affordable_now,full_payment,2024-03-06:10621000,2024-03-06,none,Pay IDR 10621000 today. This leaves at least IDR 13994300 available over the next 90 days.
request_206,1404.70,affordable_with_plan,installments,2025-08-03:486.96|2025-08-31:486.96|2025-09-28:486.96,2025-08-03,none,"Use 3 installments of EUR 486.96, starting 2025-08-03. This leaves at least EUR 3015.10 available."
request_207,5888.28,affordable_later,wait,2026-07-15:11830,2026-07-15,none,"Wait until 2026-07-15, then pay ZAR 11830 in full. Paying earlier would put the ZAR 13600 minimum at risk."
request_208,3371114.29,affordable_later,wait,2024-06-15:4413000,2024-06-15,none,"Wait until 2024-06-15, then pay IDR 4413000 in full. Paying earlier would put the IDR 10470700 minimum at risk."
request_209,1598.10,not_affordable,not_recommended,none,,none,Do not make this payment by 2025-11-25. None of the available options keeps the ZAR 18400 minimum protected.
request_210,1026.50,affordable_with_plan,partial_payment,2026-04-06:1026.50|2026-04-15:333.52,2026-04-15,none,"Pay USD 1026.50 today, then USD 333.52 on 2026-04-15. The balance stays above USD 2000."
request_211,785.13,affordable_later,wait,2024-10-15:1788.60,2024-10-15,none,"Wait until 2024-10-15, then pay EUR 1788.60 in full. Paying earlier would put the EUR 1500 minimum at risk."
request_212,7884052.06,not_affordable,not_recommended,none,,none,Do not make this payment by 2025-02-28. None of the available options keeps the IDR 29579800 minimum protected.
request_213,3362.40,affordable_with_plan,installments,2026-01-21:1165.63|2026-02-20:1165.63|2026-03-22:1165.63,2026-01-07,none,"Use 3 installments of USD 1165.63, starting 2026-01-21. This leaves at least USD 8480.72 available."
request_214,37992.02,affordable_with_plan,partial_payment,2024-12-04:37992.02|2024-12-15:31757.98,2024-12-15,none,"Pay INR 37992.02 today, then INR 31757.98 on 2024-12-15. The balance stays above INR 174900."
request_215,29986,affordable_with_plan,installments,2025-05-09:10395.15|2025-06-06:10395.15|2025-07-04:10395.15,2025-05-06,none,"Use 3 installments of ZAR 10395.15, starting 2025-05-09. This leaves at least ZAR 27111.47 available."
request_216,477.26,not_affordable,not_recommended,none,,none,Do not make this payment by 2026-09-15. None of the available options keeps the USD 1800 minimum protected.
request_217,19532.65,affordable_with_plan,installments,2024-03-19:12889.07|2024-04-19:12889.07|2024-05-20:12889.07,2024-05-15,none,"Use 3 installments of ZAR 12889.07, starting 2024-03-19. This leaves at least ZAR 28708.89 available."
request_218,27845030.84,affordable_with_plan,installments,2025-08-07:21195893.33|2025-09-04:21195893.33|2025-10-02:21195893.33,2025-09-15,none,"Use 3 installments of IDR 21195893.33, starting 2025-08-07. This leaves at least IDR 37600045.23 available."
request_219,1256.93,affordable_with_plan,installments,2026-04-07:580.01|2026-05-07:580.01|2026-06-06:580.01,2026-04-15,none,"Use 3 installments of EUR 580.01, starting 2026-04-07. This leaves at least EUR 1578.88 available."
request_220,74.93,not_affordable,not_recommended,none,,none,Do not make this payment by 2024-07-03. None of the available options keeps the EUR 1100 minimum protected.
request_221,109800,affordable_now,full_payment,2025-11-03:109800,2025-11-03,none,Pay INR 109800 today. This leaves at least INR 81500 available over the next 90 days.
request_222,34078,affordable_now,full_payment,2026-01-05:34078,2026-01-05,none,Pay ZAR 34078 today. This leaves at least ZAR 27300 available over the next 90 days.
request_223,898.70,affordable_now,full_payment,2024-09-07:898.70,2024-09-07,none,Pay EUR 898.70 today. This leaves at least EUR 800 available over the next 90 days.
request_224,10327000,affordable_with_plan,installments,2025-02-04:5370040|2025-03-04:5370040,2025-02-04,none,"Use 2 installments of IDR 5370040, starting 2025-02-04. This leaves at least IDR 28008105.94 available."
request_225,10961904.28,affordable_with_plan,installments,2026-07-20:7647120|2026-08-19:7647120|2026-09-18:7647120,2026-09-15,none,"Use 3 installments of IDR 7647120, starting 2026-07-20. This leaves at least IDR 20395849.81 available."
request_226,157000,affordable_now,full_payment,2024-12-03:157000,2024-12-03,none,Pay INR 157000 today. This leaves at least INR 209400 available over the next 90 days.
request_227,4078.48,not_affordable,not_recommended,none,,none,Do not make this payment by 2025-06-20. None of the available options keeps the INR 62900 minimum protected.
request_228,4643600.86,not_affordable,not_recommended,none,,none,Do not make this payment by 2026-04-30. None of the available options keeps the IDR 26191200 minimum protected.
request_229,566.85,affordable_with_plan,installments,2024-03-18:529.29|2024-04-18:529.29|2024-05-19:529.29,2024-05-15,none,"Use 3 installments of EUR 529.29, starting 2024-03-18. This leaves at least EUR 1201.38 available."
request_230,3537.60,affordable_now,full_payment,2025-08-06:3537.60,2025-08-06,none,Pay EUR 3537.60 today. This leaves at least EUR 2000 available over the next 90 days.
request_231,35706,affordable_with_plan,installments,2026-01-06:12378.08|2026-02-05:12378.08|2026-03-07:12378.08,2026-01-03,none,"Use 3 installments of ZAR 12378.08, starting 2026-01-06. This leaves at least ZAR 38075.86 available."
request_232,786.77,not_affordable,not_recommended,none,,none,Do not make this payment by 2024-08-15. None of the available options keeps the EUR 2400 minimum protected.
request_233,0,not_affordable,not_recommended,none,,none,Do not make this payment by 2025-12-17. None of the available options keeps the IDR 10365700 minimum protected.
request_234,227.54,affordable_later,wait,2026-09-15:1213.30,2026-09-15,none,"Wait until 2026-09-15, then pay EUR 1213.30 in full. Paying earlier would put the EUR 700 minimum at risk."
request_235,967.20,affordable_now,full_payment,2024-09-06:967.20,2024-09-06,none,Pay USD 967.20 today. This leaves at least USD 700 available over the next 90 days.
request_236,5890616.76,not_affordable,not_recommended,none,,none,Do not make this payment by 2025-02-23. None of the available options keeps the IDR 16768600 minimum protected.
request_237,23826000,affordable_now,full_payment,2026-04-05:23826000,2026-04-05,none,Pay IDR 23826000 today. This leaves at least IDR 22431500 available over the next 90 days.
request_238,663.60,affordable_with_plan,installments,2024-12-07:230.05|2025-01-07:230.05|2025-02-07:230.05,2024-12-07,stop:event_21888,"Use 3 installments of USD 230.05, starting 2024-12-07. This leaves at least USD 779.24 available."
request_239,642,affordable_now,full_payment,2025-05-04:642,2025-05-04,none,Pay USD 642 today. This leaves at least USD 600 available over the next 90 days.
request_240,20689.08,not_affordable,not_recommended,none,,none,Do not make this payment by 2026-03-20. None of the available options keeps the INR 52800 minimum protected.
request_241,21052000,affordable_with_plan,installments,2024-03-17:7298026.67|2024-04-17:7298026.67|2024-05-18:7298026.67,2024-03-03,reduce_to:event_22186:501600.00,"Use 3 installments of IDR 7298026.67, starting 2024-03-17. This leaves at least IDR 79970380.23 available."
request_242,0,not_affordable,not_recommended,none,,none,Do not make this payment by 2025-08-25. None of the available options keeps the EUR 600 minimum protected.
request_243,17468,affordable_now,full_payment,2026-07-07:17468,2026-07-07,none,Pay ZAR 17468 today. This leaves at least ZAR 19900 available over the next 90 days.
request_244,49918,affordable_now,full_payment,2024-06-04:49918,2024-06-04,none,Pay ZAR 49918 today. This leaves at least ZAR 45900 available over the next 90 days.
request_245,39034.82,affordable_later,wait,2026-01-15:128500,2026-01-15,none,"Wait until 2026-01-15, then pay INR 128500 in full. Paying earlier would put the INR 94600 minimum at risk."
request_246,64086,affordable_with_plan,installments,2026-04-03:22216.48|2026-05-03:22216.48|2026-06-02:22216.48,2026-04-03,none,"Use 3 installments of ZAR 22216.48, starting 2026-04-03. This leaves at least ZAR 153282.69 available."
request_247,1059.30,affordable_now,full_payment,2024-09-05:1059.30,2024-09-05,none,Pay EUR 1059.30 today. This leaves at least EUR 1300 available over the next 90 days.
request_248,349.91,not_affordable,not_recommended,none,,none,Do not make this payment by 2025-04-28. None of the available options keeps the USD 1300 minimum protected.
request_249,159.12,affordable_later,wait,2026-03-15:643.20,2026-03-15,none,"Wait until 2026-03-15, then pay USD 643.20 in full. Paying earlier would put the USD 600 minimum at risk."
request_250,15480.52,not_affordable,not_recommended,none,,none,Do not make this payment by 2025-01-18. None of the available options keeps the ZAR 35300 minimum protected.
request_251,1144.51,not_affordable,not_recommended,none,,none,Do not make this payment by 2025-06-06. None of the available options keeps the EUR 1300 minimum protected.
request_252,4892689.85,affordable_later,wait,2026-09-15:28082000,2026-09-15,none,"Wait until 2026-09-15, then pay IDR 28082000 in full. Paying earlier would put the IDR 15152200 minimum at risk."
request_253,1371.57,affordable_with_plan,installments,2024-03-21:984.60|2024-04-21:984.60|2024-05-22:984.60,2024-05-15,none,"Use 3 installments of EUR 984.60, starting 2024-03-21. This leaves at least EUR 2544.54 available."
request_254,648.28,affordable_later,wait,2025-10-15:3535.20,2025-10-15,none,"Wait until 2025-10-15, then pay USD 3535.20 in full. Paying earlier would put the USD 2500 minimum at risk."
request_255,3345000,affordable_now,full_payment,2026-04-06:3345000,2026-04-06,none,Pay IDR 3345000 today. This leaves at least IDR 9813900 available over the next 90 days.
request_256,152538.57,not_affordable,not_recommended,none,2024-07-15,none,Do not make this payment by 2024-08-19. None of the available options keeps the INR 168600 minimum protected.
request_257,575.72,affordable_later,wait,2026-01-15:1352.40,2026-01-15,none,"Wait until 2026-01-15, then pay USD 1352.40 in full. Paying earlier would put the USD 1600 minimum at risk."
request_258,1113.60,affordable_now,full_payment,2026-01-07:1113.60,2026-01-07,none,Pay USD 1113.60 today. This leaves at least USD 500 available over the next 90 days.
request_259,454.88,affordable_later,wait,2024-10-15:935,2024-10-15,none,"Wait until 2024-10-15, then pay EUR 935 in full. Paying earlier would put the EUR 600 minimum at risk."
request_26,15656000,affordable_now,full_payment,2025-08-03:15656000,2025-08-03,none,Pay IDR 15656000 today. This leaves at least IDR 24768300 available over the next 90 days.
request_260,7834946.30,not_affordable,not_recommended,none,,none,Do not make this payment by 2025-04-18. None of the available options keeps the IDR 20727700 minimum protected.
request_261,1830.40,affordable_now,full_payment,2026-07-03:1830.40,2026-07-03,none,Pay EUR 1830.40 today. This leaves at least EUR 1500 available over the next 90 days.
request_262,9236000,affordable_now,full_payment,2024-12-05:9236000,2024-12-05,none,Pay IDR 9236000 today. This leaves at least IDR 31018500 available over the next 90 days.
request_263,7884,not_affordable,not_recommended,none,,none,Do not make this payment by 2025-06-15. None of the available options keeps the ZAR 24100 minimum protected.
request_264,29010.50,affordable_later,wait,2026-06-15:111300,2026-06-15,none,"Wait until 2026-06-15, then pay INR 111300 in full. Paying earlier would put the INR 59500 minimum at risk."
request_265,45970,affordable_now,full_payment,2024-03-06:45970,2024-03-06,none,Pay INR 45970 today. This leaves at least INR 189700 available over the next 90 days.
request_266,935,affordable_with_plan,installments,2025-08-03:324.13|2025-08-31:324.13|2025-09-28:324.13,2025-08-03,none,"Use 3 installments of EUR 324.13, starting 2025-08-03. This leaves at least EUR 1226.20 available."
request_267,1617.17,not_affordable,not_recommended,none,2026-02-15,none,Do not make this payment by 2026-03-17. None of the available options keeps the EUR 1500 minimum protected.
request_268,1046.91,affordable_with_plan,installments,2024-06-14:841.22|2024-07-15:841.22|2024-08-15:841.22,2024-07-15,none,"Use 3 installments of EUR 841.22, starting 2024-06-14. This leaves at least EUR 1605.69 available."
request_269,0,not_affordable,not_recommended,none,,none,Do not make this payment by 2026-01-02. None of the available options keeps the ZAR 23100 minimum protected.
request_27,6670,affordable_now,full_payment,2026-07-05:6670,2026-07-05,none,Pay ZAR 6670 today. This leaves at least ZAR 20500 available over the next 90 days.
request_270,37.32,not_affordable,not_recommended,none,,none,Do not make this payment by 2026-08-30. None of the available options keeps the USD 1400 minimum protected.
request_271,45275.36,affordable_later,wait,2024-11-15:91300,2024-11-15,none,"Wait until 2024-11-15, then pay INR 91300 in full. Paying earlier would put the INR 58200 minimum at risk."
request_272,6398742.31,affordable_with_plan,installments,2025-02-12:4709466.67|2025-03-12:4709466.67|2025-04-09:4709466.67,2025-03-15,none,"Use 3 installments of IDR 4709466.67, starting 2025-02-12. This leaves at least IDR 9197875.65 available."
request_273,9553277.24,affordable_with_plan,partial_payment,2026-04-07:9553277.24|2026-04-15:6307722.76,2026-04-15,none,"Pay IDR 9553277.24 today, then IDR 6307722.76 on 2026-04-15. The balance stays above IDR 18774600."
request_274,2049.75,not_affordable,not_recommended,none,2025-02-15,none,Do not make this payment by 2025-02-11. None of the available options keeps the EUR 1800 minimum protected.
request_275,15884000,affordable_now,full_payment,2025-05-06:15884000,2025-05-06,none,Pay IDR 15884000 today. This leaves at least IDR 12760100 available over the next 90 days.
request_28,321.35,affordable_later,wait,2024-08-15:1302.40,2024-08-15,none,"Wait until 2024-08-15, then pay EUR 1302.40 in full. Paying earlier would put the EUR 1100 minimum at risk."
request_29,51524,affordable_now,full_payment,2025-11-04:51524,2025-11-04,none,Pay ZAR 51524 today. This leaves at least ZAR 28300 available over the next 90 days.
request_30,775.20,affordable_with_plan,installments,2026-04-06:268.74|2026-05-06:268.74|2026-06-05:268.74,2026-04-06,none,"Use 3 installments of USD 268.74, starting 2026-04-06. This leaves at least USD 1681.69 available."
request_31,9308470.67,affordable_later,wait,2024-10-15:18164000,2024-10-15,none,"Wait until 2024-10-15, then pay IDR 18164000 in full. Paying earlier would put the IDR 16588900 minimum at risk."
request_32,16745.41,not_affordable,not_recommended,none,,none,Do not make this payment by 2025-04-15. None of the available options keeps the ZAR 35700 minimum protected.
request_33,36297.49,affordable_later,wait,2026-03-15:118000,2026-03-15,none,"Wait until 2026-03-15, then pay INR 118000 in full. Paying earlier would put the INR 102100 minimum at risk."
request_34,129400,affordable_now,full_payment,2024-12-04:129400,2024-12-04,none,Pay INR 129400 today. This leaves at least INR 138500 available over the next 90 days.
request_35,28723.65,affordable_later,wait,2026-01-15:212000,2026-01-15,none,"Wait until 2026-01-15, then pay INR 212000 in full. Paying earlier would put the INR 106400 minimum at risk."
request_36,581.33,not_affordable,not_recommended,none,,none,Do not make this payment by 2026-09-15. None of the available options keeps the USD 2400 minimum protected.
request_37,4417999.26,not_affordable,not_recommended,none,,none,Do not make this payment by 2024-05-15. None of the available options keeps the IDR 17056200 minimum protected.
request_38,222.49,affordable_later,wait,2025-10-15:971.30,2025-10-15,none,"Wait until 2025-10-15, then pay EUR 971.30 in full. Paying earlier would put the EUR 400 minimum at risk."
request_39,126939.37,affordable_later,wait,2026-06-15:208600,2026-06-15,none,"Wait until 2026-06-15, then pay INR 208600 in full. Paying earlier would put the INR 213400 minimum at risk."
request_40,513.17,not_affordable,not_recommended,none,,none,Do not make this payment by 2024-08-15. None of the available options keeps the EUR 1500 minimum protected.
request_41,9979519.67,affordable_later,wait,2026-01-15:38760000,2026-01-15,none,"Wait until 2026-01-15, then pay IDR 38760000 in full. Paying earlier would put the IDR 25366600 minimum at risk."
request_42,2738.58,affordable_later,wait,2026-03-20:52100,2026-03-20,none,"Wait until 2026-03-20, then pay INR 52100 in full. Paying earlier would put the INR 113100 minimum at risk."
request_43,10024687.93,affordable_later,wait,2024-11-15:43339000,2024-11-15,none,"Wait until 2024-11-15, then pay IDR 43339000 in full. Paying earlier would put the IDR 21398000 minimum at risk."
request_44,38633.73,affordable_later,wait,2025-04-15:95800,2025-04-15,none,"Wait until 2025-04-15, then pay INR 95800 in full. Paying earlier would put the INR 82900 minimum at risk."
request_45,4489464.13,not_affordable,not_recommended,none,,none,Do not make this payment by 2026-09-15. None of the available options keeps the IDR 11149800 minimum protected.
request_46,38439.31,affordable_with_plan,partial_payment,2024-12-03:38439.31|2024-12-15:11010.69,2024-12-15,none,"Pay INR 38439.31 today, then INR 11010.69 on 2024-12-15. The balance stays above INR 84000."
request_47,24796836.05,not_affordable,not_recommended,none,,none,Do not make this payment by 2025-06-19. None of the available options keeps the IDR 30049000 minimum protected.
request_48,45700,affordable_now,full_payment,2026-07-25:45700,2026-07-25,none,Pay INR 45700 today. This leaves at least INR 71300 available over the next 90 days.
request_49,13906219.37,affordable_with_plan,installments,2024-03-18:11902106.67|2024-04-18:11902106.67|2024-05-19:11902106.67,2024-04-15,none,"Use 3 installments of IDR 11902106.67, starting 2024-03-18. This leaves at least IDR 34181919.38 available."
request_50,43900,affordable_now,full_payment,2025-08-06:43900,2025-08-06,none,Pay INR 43900 today. This leaves at least INR 99700 available over the next 90 days.
request_51,2191000,affordable_now,full_payment,2026-01-03:2191000,2026-01-03,none,Pay IDR 2191000 today. This leaves at least IDR 7811000 available over the next 90 days.
request_52,23855.29,affordable_later,wait,2024-06-15:28870,2024-06-15,none,"Wait until 2024-06-15, then pay INR 28870 in full. Paying earlier would put the INR 41500 minimum at risk."
request_53,634.17,affordable_with_plan,installments,2025-11-21:589.06|2025-12-19:589.06|2026-01-16:589.06,2026-01-15,none,"Use 3 installments of USD 589.06, starting 2025-11-21. This leaves at least USD 2293.40 available."
request_54,3795.32,not_affordable,not_recommended,none,,none,Do not make this payment by 2026-08-21. None of the available options keeps the ZAR 37000 minimum protected.
request_55,137983.75,affordable_with_plan,installments,2026-06-11:75781.33|2026-07-12:75781.33|2026-08-12:75781.33,2026-07-15,none,"Use 3 installments of INR 75781.33, starting 2026-06-11. This leaves at least INR 128949.92 available."
request_56,635.69,affordable_with_plan,partial_payment,2025-02-03:635.69|2025-02-15:245.87,2025-02-15,none,"Pay USD 635.69 today, then USD 245.87 on 2025-02-15. The balance stays above USD 2100."
request_57,15956.76,affordable_later,wait,2026-06-15:61446,2026-06-15,none,"Wait until 2026-06-15, then pay ZAR 61446 in full. Paying earlier would put the ZAR 42700 minimum at risk."
request_58,14151834.40,affordable_with_plan,full_payment,2024-12-07:16226000,2025-02-20,stop:event_5358,Pay IDR 16226000 today. This leaves at least IDR 14433900 available over the next 90 days.
request_59,140600,affordable_with_plan,installments,2025-05-07:48741.33|2025-06-04:48741.33|2025-07-02:48741.33,2025-05-04,none,"Use 3 installments of INR 48741.33, starting 2025-05-07. This leaves at least INR 264453.62 available."
request_60,149.44,affordable_later,wait,2026-01-15:199.89,2026-01-15,none,"Wait until 2026-01-15, then pay USD 199.89 in full. Paying earlier would put the USD 400 minimum at risk."
request_61,29062,affordable_with_plan,installments,2024-03-17:10074.83|2024-04-17:10074.83|2024-05-18:10074.83,2024-03-03,none,"Use 3 installments of ZAR 10074.83, starting 2024-03-17. This leaves at least ZAR 133318.08 available."
request_62,404.23,affordable_now,full_payment,2025-08-05:404.23,2025-08-05,none,Pay USD 404.23 today. This leaves at least USD 1300 available over the next 90 days.
request_63,41401.62,not_affordable,not_recommended,none,,none,Do not make this payment by 2026-09-17. None of the available options keeps the INR 153500 minimum protected.
request_64,47011.35,not_affordable,not_recommended,none,2024-08-15,none,Do not make this payment by 2024-08-16. None of the available options keeps the INR 36100 minimum protected.
request_65,7757.70,not_affordable,not_recommended,none,,none,Do not make this payment by 2025-11-25. None of the available options keeps the ZAR 15500 minimum protected.
request_66,22200,affordable_now,full_payment,2026-04-03:22200,2026-04-03,none,Pay INR 22200 today. This leaves at least INR 80700 available over the next 90 days.
request_67,358.73,affordable_later,wait,2024-11-15:2094,2024-11-15,none,"Wait until 2024-11-15, then pay USD 2094 in full. Paying earlier would put the USD 1200 minimum at risk."
request_68,1447.64,affordable_with_plan,installments,2025-02-14:725.09|2025-03-14:725.09|2025-04-11:725.09,2025-03-15,none,"Use 3 installments of USD 725.09, starting 2025-02-14. This leaves at least USD 1702.84 available."
request_69,529.10,affordable_now,full_payment,2026-01-04:529.10,2026-01-04,none,Pay EUR 529.10 today. This leaves at least EUR 700 available over the next 90 days.
request_70,50373.61,affordable_later,wait,2025-02-15:243900,2025-02-15,none,"Wait until 2025-02-15, then pay INR 243900 in full. Paying earlier would put the INR 115000 minimum at risk."
request_71,361141.62,not_affordable,not_recommended,none,,none,Do not make this payment by 2025-05-28. None of the available options keeps the IDR 8884800 minimum protected.
request_72,11330,affordable_now,full_payment,2026-07-05:11330,2026-07-05,none,Pay ZAR 11330 today. This leaves at least ZAR 12200 available over the next 90 days.
request_73,71400,affordable_now,full_payment,2023-01-20:71400,2023-01-20,none,Pay INR 71400 today. This leaves at least INR 103200 available over the next 90 days.
request_74,5010,affordable_now,full_payment,2025-08-04:5010,2025-08-04,none,Pay ZAR 5010 today. This leaves at least ZAR 21900 available over the next 90 days.
request_75,28270,affordable_with_plan,installments,2026-04-09:9800.27|2026-05-09:9800.27|2026-06-08:9800.27,2026-04-06,none,"Use 3 installments of ZAR 9800.27, starting 2026-04-09. This leaves at least ZAR 129397.83 available."
request_76,323,not_affordable,not_recommended,none,,none,Do not make this payment by 2024-07-30. None of the available options keeps the USD 1800 minimum protected.
request_77,60700,affordable_now,full_payment,2025-11-05:60700,2025-11-05,none,Pay INR 60700 today. This leaves at least INR 82200 available over the next 90 days.
request_78,42608.97,affordable_later,wait,2025-11-15:50200,2025-11-15,none,"Wait until 2025-11-15, then pay INR 50200 in full. Paying earlier would put the INR 55200 minimum at risk."
request_79,642.90,not_affordable,not_recommended,none,,none,Do not make this payment by 2024-11-01. None of the available options keeps the EUR 1000 minimum protected.
request_80,21930.37,not_affordable,not_recommended,none,,none,Do not make this payment by 2025-02-21. None of the available options keeps the INR 121300 minimum protected.
request_81,2076,affordable_now,full_payment,2026-07-03:2076,2026-07-03,none,Pay USD 2076 today. This leaves at least USD 1600 available over the next 90 days.
request_82,352.87,affordable_later,wait,2025-02-15:1405.20,2025-02-15,none,"Wait until 2025-02-15, then pay USD 1405.20 in full. Paying earlier would put the USD 1100 minimum at risk."
request_83,8022.86,not_affordable,not_recommended,none,,none,Do not make this payment by 2025-06-17. None of the available options keeps the INR 37800 minimum protected.
request_84,33859.29,affordable_later,wait,2026-06-15:95400,2026-06-15,none,"Wait until 2026-06-15, then pay INR 95400 in full. Paying earlier would put the INR 91300 minimum at risk."
request_85,796457.06,not_affordable,not_recommended,none,,none,Do not make this payment by 2024-04-26. None of the available options keeps the IDR 6396300 minimum protected.
request_86,46300,affordable_now,full_payment,2025-08-03:46300,2025-08-03,none,Pay INR 46300 today. This leaves at least INR 84900 available over the next 90 days.
request_87,5403.62,not_affordable,not_recommended,none,,none,Do not make this payment by 2026-03-15. None of the available options keeps the INR 185900 minimum protected.
request_88,10734,affordable_with_plan,installments,2024-06-14:9045.23|2024-07-15:9045.23|2024-08-15:9045.23,2024-07-15,none,"Use 3 installments of ZAR 9045.23, starting 2024-06-14. This leaves at least ZAR 27488.77 available."
request_89,9324615.66,not_affordable,not_recommended,none,2026-01-15,none,Do not make this payment by 2026-01-15. None of the available options keeps the IDR 12534700 minimum protected.
request_90,2560,affordable_now,full_payment,2026-07-06:2560,2026-07-06,none,Pay ZAR 2560 today. This leaves at least ZAR 7600 available over the next 90 days.
request_91,1272.21,affordable_later,wait,2024-11-15:1927.20,2024-11-15,none,"Wait until 2024-11-15, then pay EUR 1927.20 in full. Paying earlier would put the EUR 2100 minimum at risk."
request_92,34034,affordable_now,full_payment,2025-02-05:34034,2025-02-05,none,Pay ZAR 34034 today. This leaves at least ZAR 28100 available over the next 90 days.
request_93,1729.20,affordable_now,full_payment,2026-04-07:1729.20,2026-04-07,none,Pay USD 1729.20 today. This leaves at least USD 1900 available over the next 90 days.
request_94,572,affordable_now,full_payment,2024-12-04:572,2024-12-04,none,Pay EUR 572 today. This leaves at least EUR 600 available over the next 90 days.
request_95,54635.67,not_affordable,not_recommended,none,,none,Do not make this payment by 2025-07-14. None of the available options keeps the INR 145500 minimum protected.
request_96,72506.46,not_affordable,not_recommended,none,2026-02-15,none,Do not make this payment by 2026-03-12. None of the available options keeps the INR 56500 minimum protected.
request_97,1454.36,affordable_with_plan,installments,2024-03-19:8145.28|2024-04-19:8145.28|2024-05-20:8145.28,2024-04-15,none,"Use 3 installments of ZAR 8145.28, starting 2024-03-19. This leaves at least ZAR 31154.36 available."
request_98,9975.08,affordable_later,wait,2025-10-15:27148,2025-10-15,none,"Wait until 2025-10-15, then pay ZAR 27148 in full. Paying earlier would put the ZAR 30000 minimum at risk."
request_99,14927.82,affordable_later,wait,2026-07-15:18062,2026-07-15,none,"Wait until 2026-07-15, then pay ZAR 18062 in full. Paying earlier would put the ZAR 49100 minimum at risk."
