payment_option_id,request_id,payment_method,payment_amount,number_of_payments,first_payment_date,payment_frequency_days,financing_fee,total_payable_amount
payment_option_01,request_01,full_payment,25256,1,2024-03-03,,0,25256
payment_option_02,request_01,installments,1852.11,15,2024-03-06,30,2525.65,27781.65
payment_option_03,request_01,installments,4546.08,6,2024-03-10,31,2020.48,27276.48
payment_option_04,request_01,installments,1283.85,24,2024-03-17,28,5556.4,30812.4
payment_option_05,request_02,installments,15952906.67,3,2025-08-08,30,1840720.01,47858720.01
payment_option_06,request_02,full_payment,46018000,1,2025-08-05,,0,46018000
payment_option_07,request_02,installments,2914473.33,18,2025-08-12,31,6442519.94,52460519.94
payment_option_08,request_03,full_payment,5491000,1,2019-09-03,,0,5491000
payment_option_09,request_03,installments,308541.9,21,2019-09-17,28,988379.9,6479379.9
payment_option_10,request_03,installments,279125.83,24,2019-09-06,31,1208019.92,6699019.92
payment_option_11,request_04,full_payment,12693000,1,2024-06-04,,0,12693000
payment_option_12,request_04,installments,875817,15,2024-06-04,30,444255,13137255
payment_option_13,request_05,full_payment,15488,1,2025-11-06,,0,15488
payment_option_14,request_05,installments,980.91,18,2025-11-09,31,2168.38,17656.38
payment_option_15,request_05,installments,787.31,24,2025-11-20,30,3407.44,18895.44
payment_option_16,request_06,full_payment,620.4,1,2026-01-03,,0,620.4
payment_option_17,request_06,installments,34.86,21,2026-01-10,28,111.66,732.06
payment_option_18,request_06,installments,111.67,6,2026-01-17,30,49.62,670.02
payment_option_19,request_07,installments,68432,3,2024-09-12,28,7896,205296
payment_option_20,request_07,full_payment,197400,1,2024-09-05,,0,197400
payment_option_21,request_07,installments,14476,15,2024-09-19,30,19740,217140
payment_option_22,request_08,full_payment,996.6,1,2025-02-07,,0,996.6
payment_option_23,request_08,installments,63.12,18,2025-02-07,31,139.56,1136.16
payment_option_24,request_09,full_payment,166.61,1,2026-07-04,,0,166.61
payment_option_25,request_09,installments,8.22,21,2026-07-07,28,6.01,172.62
payment_option_26,request_09,installments,7.29,24,2026-07-18,31,8.35,174.96
payment_option_27,request_10,full_payment,266700,1,2024-12-06,,0,266700
payment_option_28,request_10,installments,19558,15,2024-12-13,30,26670,293370
payment_option_29,request_11,full_payment,13110000,1,2025-05-03,,0,13110000
payment_option_30,request_11,installments,830300,18,2025-05-17,31,1835400,14945400
payment_option_31,request_11,installments,2359800,6,2025-05-03,28,1048800,14158800
payment_option_32,request_11,installments,666425,24,2025-05-06,30,2884200,15994200
payment_option_33,request_12,installments,22590.19,3,2026-04-19,31,2606.57,67770.57
payment_option_34,request_12,full_payment,65164,1,2026-04-05,,0,65164
payment_option_35,request_12,installments,3661.6,21,2026-04-05,28,11729.6,76893.6
payment_option_36,request_13,full_payment,941.6,1,2024-03-07,,0,941.6
payment_option_37,request_13,installments,69.05,15,2024-03-10,30,94.15,1035.75
payment_option_38,request_13,installments,47.86,24,2024-03-21,28,207.04,1148.64
payment_option_39,request_14,full_payment,5414.2,1,2025-08-04,,0,5414.2
payment_option_40,request_14,installments,342.9,18,2025-08-11,31,758,6172.2
payment_option_41,request_15,full_payment,3685,1,2026-01-06,,0,3685
payment_option_42,request_15,installments,207.06,21,2026-01-20,28,663.26,4348.26
payment_option_43,request_15,installments,187.32,24,2026-01-09,31,810.68,4495.68
payment_option_44,request_16,full_payment,122500,1,2023-08-12,,0,122500
payment_option_45,request_16,installments,8983.33,15,2023-08-12,30,12249.95,134749.95
payment_option_46,request_16,installments,22050,6,2023-08-15,31,9800,132300
payment_option_47,request_17,installments,95194.67,3,2026-03-01,30,10984.01,285584.01
payment_option_48,request_17,full_payment,274600,1,2026-03-01,,0,274600
payment_option_49,request_17,installments,17391.33,18,2026-03-04,31,38443.94,313043.94
payment_option_50,request_18,full_payment,3246.1,1,2026-07-07,,0,3246.1
payment_option_51,request_18,installments,182.4,21,2026-07-14,28,584.3,3830.4
payment_option_52,request_19,full_payment,39660,1,2024-09-04,,0,39660
payment_option_53,request_19,installments,20623.2,2,2024-09-04,28,1586.4,41246.4
payment_option_54,request_19,installments,14013.2,3,2024-09-10,31,2379.6,42039.6
payment_option_55,request_20,full_payment,303700,1,2026-02-07,,0,303700
payment_option_56,request_20,installments,19234.33,18,2026-02-07,31,42517.94,346217.94
payment_option_57,request_21,full_payment,1574.4,1,2026-04-03,,0,1574.4
payment_option_58,request_21,installments,88.47,21,2026-04-06,28,283.47,1857.87
payment_option_59,request_21,installments,283.39,6,2026-04-10,30,125.94,1700.34
payment_option_60,request_21,installments,80.03,24,2026-04-17,31,346.32,1920.72
payment_option_61,request_22,installments,253.59,3,2024-12-08,28,29.27,760.77
payment_option_62,request_22,full_payment,731.5,1,2024-12-05,,0,731.5
payment_option_63,request_22,installments,53.64,15,2024-12-12,30,73.1,804.6
payment_option_64,request_23,full_payment,38016,1,2025-05-07,,0,38016
payment_option_65,request_23,installments,2407.68,18,2025-05-21,31,5322.24,43338.24
payment_option_66,request_23,installments,1932.48,24,2025-05-10,30,8363.52,46379.52
payment_option_67,request_24,full_payment,109600,1,2026-01-04,,0,109600
payment_option_68,request_24,installments,6158.48,21,2026-01-04,28,19728.08,129328.08
payment_option_69,request_25,full_payment,60496000,1,2024-03-06,,0,60496000
payment_option_70,request_25,installments,4436373.33,15,2024-03-09,30,6049599.95,66545599.95
payment_option_71,request_25,installments,3075213.33,24,2024-03-20,28,13309119.92,73805119.92
payment_option_72,request_26,full_payment,15656000,1,2025-08-03,,0,15656000
payment_option_73,request_26,installments,1148106.67,15,2025-08-06,30,1565600.05,17221600.05
payment_option_74,request_26,installments,2818080,6,2025-08-10,31,1252480,16908480
payment_option_75,request_26,installments,795846.67,24,2025-08-17,28,3444320.08,19100320.08
payment_option_76,request_27,full_payment,6670,1,2026-07-05,,0,6670
payment_option_77,request_27,installments,383.53,18,2026-07-12,31,233.54,6903.54
payment_option_78,request_28,full_payment,1302.4,1,2024-06-07,,0,1302.4
payment_option_79,request_28,installments,73.18,21,2024-06-21,28,234.38,1536.78
payment_option_80,request_28,installments,66.21,24,2024-06-10,31,286.64,1589.04
payment_option_81,request_29,full_payment,51524,1,2025-11-04,,0,51524
payment_option_82,request_29,installments,3778.43,15,2025-11-04,30,5152.45,56676.45
payment_option_83,request_30,installments,268.74,3,2026-04-06,30,31.02,806.22
payment_option_84,request_30,full_payment,775.2,1,2026-04-06,,0,775.2
payment_option_85,request_30,installments,49.1,18,2026-04-09,31,108.6,883.8
payment_option_86,request_31,full_payment,18164000,1,2024-09-03,,0,18164000
payment_option_87,request_31,installments,1020643.81,21,2024-09-10,28,3269520.01,21433520.01
payment_option_88,request_32,full_payment,40018,1,2025-02-05,,0,40018
payment_option_89,request_32,installments,2934.65,15,2025-02-19,30,4001.75,44019.75
payment_option_90,request_32,installments,2034.25,24,2025-02-08,28,8804,48822
payment_option_91,request_33,full_payment,118000,1,2026-01-07,,0,118000
payment_option_92,request_33,installments,7473.33,18,2026-01-07,31,16519.94,134519.94
payment_option_93,request_34,full_payment,129400,1,2024-12-04,,0,129400
payment_option_94,request_34,installments,7271.05,21,2024-12-07,28,23292.05,152692.05
payment_option_95,request_34,installments,23292,6,2024-12-11,30,10352,139752
payment_option_96,request_34,installments,6577.83,24,2024-12-18,31,28467.92,157867.92
payment_option_97,request_35,full_payment,212000,1,2025-10-30,,0,212000
payment_option_98,request_35,installments,15546.67,15,2025-11-06,30,21200.05,233200.05
payment_option_99,request_36,full_payment,3954,1,2026-07-03,,0,3954
payment_option_100,request_36,installments,250.42,18,2026-07-17,31,553.56,4507.56
payment_option_101,request_36,installments,201,24,2026-07-06,30,870,4824
payment_option_102,request_37,full_payment,14649000,1,2024-03-05,,0,14649000
payment_option_103,request_37,installments,823134.29,21,2024-03-05,28,2636820.09,17285820.09
payment_option_104,request_38,full_payment,971.3,1,2025-08-07,,0,971.3
payment_option_105,request_38,installments,71.23,15,2025-08-10,30,97.15,1068.45
payment_option_106,request_38,installments,49.37,24,2025-08-21,28,213.58,1184.88
payment_option_107,request_39,full_payment,208600,1,2026-04-04,,0,208600
payment_option_108,request_39,installments,13211.33,18,2026-04-11,31,29203.94,237803.94
payment_option_109,request_40,full_payment,1290.3,1,2024-06-06,,0,1290.3
payment_option_110,request_40,installments,72.5,21,2024-06-20,28,232.2,1522.5
payment_option_111,request_40,installments,65.59,24,2024-06-09,31,283.86,1574.16
payment_option_112,request_41,full_payment,38760000,1,2025-11-03,,0,38760000
payment_option_113,request_41,installments,2842400,15,2025-11-03,30,3876000,42636000
payment_option_114,request_42,full_payment,52100,1,2026-01-05,,0,52100
payment_option_115,request_42,installments,3299.67,18,2026-01-08,31,7294.06,59394.06
payment_option_116,request_42,installments,2648.42,24,2026-01-19,30,11462.08,63562.08
payment_option_117,request_43,full_payment,43339000,1,2024-09-07,,0,43339000
payment_option_118,request_43,installments,2435239.05,21,2024-09-14,28,7801020.05,51140020.05
payment_option_119,request_44,full_payment,95800,1,2025-02-04,,0,95800
payment_option_120,request_44,installments,7025.33,15,2025-02-18,30,9579.95,105379.95
payment_option_121,request_44,installments,4869.83,24,2025-02-07,28,21075.92,116875.92
payment_option_122,request_45,full_payment,21983000,1,2026-07-06,,0,21983000
payment_option_123,request_45,installments,1392256.67,18,2026-07-06,31,3077620.06,25060620.06
payment_option_124,request_46,full_payment,49450,1,2024-12-03,,0,49450
payment_option_125,request_46,installments,25714,2,2024-12-03,28,1978,51428
payment_option_126,request_46,installments,17472.34,3,2024-12-04,31,2967.02,52417.02
payment_option_127,request_47,full_payment,38114000,1,2025-05-05,,0,38114000
payment_option_128,request_47,installments,2795026.67,15,2025-05-12,30,3811400.05,41925400.05
payment_option_129,request_48,full_payment,45700,1,2026-07-25,,0,45700
payment_option_130,request_48,installments,2894.33,18,2026-08-08,31,6397.94,52097.94
payment_option_131,request_48,installments,8226,6,2026-07-25,28,3656,49356
payment_option_132,request_48,installments,2323.08,24,2026-07-28,30,10053.92,55753.92
payment_option_133,request_49,installments,11902106.67,3,2024-03-18,31,1373320.01,35706320.01
payment_option_134,request_49,full_payment,34333000,1,2024-03-04,,0,34333000
payment_option_135,request_49,installments,1929187.62,21,2024-03-04,28,6179940.02,40512940.02
payment_option_136,request_50,full_payment,43900,1,2025-08-06,,0,43900
payment_option_137,request_50,installments,3219.33,15,2025-08-09,30,4389.95,48289.95
payment_option_138,request_50,installments,7902,6,2025-08-13,31,3512,47412
payment_option_139,request_50,installments,2231.58,24,2025-08-20,28,9657.92,53557.92
payment_option_140,request_51,full_payment,2191000,1,2026-01-03,,0,2191000
payment_option_141,request_51,installments,125982.5,18,2026-01-10,31,76685,2267685
payment_option_142,request_52,full_payment,28870,1,2024-06-05,,0,28870
payment_option_143,request_52,installments,1422.88,21,2024-06-19,28,1010.48,29880.48
payment_option_144,request_52,installments,1263.07,24,2024-06-08,31,1443.68,30313.68
payment_option_145,request_53,installments,589.06,3,2025-11-21,28,67.98,1767.18
payment_option_146,request_53,full_payment,1699.2,1,2025-11-07,,0,1699.2
payment_option_147,request_53,installments,124.61,15,2025-11-07,30,169.95,1869.15
payment_option_148,request_54,full_payment,121528,1,2026-07-04,,0,121528
payment_option_149,request_54,installments,7696.77,18,2026-07-07,31,17013.86,138541.86
payment_option_150,request_54,installments,6177.67,24,2026-07-18,30,26736.08,148264.08
payment_option_151,request_55,installments,75781.33,3,2026-06-11,31,8743.99,227343.99
payment_option_152,request_55,full_payment,218600,1,2026-06-08,,0,218600
payment_option_153,request_55,installments,12283.24,21,2026-06-15,28,39348.04,257948.04
payment_option_154,request_56,full_payment,881.56,1,2025-02-03,,0,881.56
payment_option_155,request_56,installments,458.42,2,2025-02-03,28,35.28,916.84
payment_option_156,request_56,installments,311.49,3,2025-02-06,28,52.91,934.47
payment_option_157,request_57,full_payment,61446,1,2026-04-05,,0,61446
payment_option_158,request_57,installments,3891.58,18,2026-04-05,31,8602.44,70048.44
payment_option_159,request_58,full_payment,16226000,1,2024-12-07,,0,16226000
payment_option_160,request_58,installments,911746.67,21,2024-12-10,28,2920680.07,19146680.07
payment_option_161,request_58,installments,2920680,6,2024-12-14,30,1298080,17524080
payment_option_162,request_58,installments,824821.67,24,2024-12-21,31,3569720.08,19795720.08
payment_option_163,request_59,installments,48741.33,3,2025-05-07,28,5623.99,146223.99
payment_option_164,request_59,full_payment,140600,1,2025-05-04,,0,140600
payment_option_165,request_59,installments,10310.67,15,2025-05-11,30,14060.05,154660.05
payment_option_166,request_60,full_payment,199.89,1,2026-01-06,,0,199.89
payment_option_167,request_60,installments,11.5,18,2026-01-20,31,7.11,207
payment_option_168,request_60,installments,8.75,24,2026-01-09,30,10.11,210
payment_option_169,request_61,installments,10074.83,3,2024-03-17,31,1162.49,30224.49
payment_option_170,request_61,full_payment,29062,1,2024-03-03,,0,29062
payment_option_171,request_61,installments,1633.01,21,2024-03-03,28,5231.21,34293.21
payment_option_172,request_62,full_payment,404.23,1,2025-08-05,,0,404.23
payment_option_173,request_62,installments,27.9,15,2025-08-08,30,14.27,418.5
payment_option_174,request_62,installments,17.69,24,2025-08-19,28,20.33,424.56
payment_option_175,request_63,full_payment,343900,1,2026-07-07,,0,343900
payment_option_176,request_63,installments,21780.33,18,2026-07-14,31,48145.94,392045.94
payment_option_177,request_64,installments,22082.67,3,2024-06-11,31,2548.01,66248.01
payment_option_178,request_64,full_payment,63700,1,2024-06-04,,0,63700
payment_option_179,request_64,installments,3579.33,21,2024-06-18,28,11465.93,75165.93
payment_option_180,request_65,full_payment,54340,1,2025-11-06,,0,54340
payment_option_181,request_65,installments,3984.93,15,2025-11-06,30,5433.95,59773.95
payment_option_182,request_66,full_payment,22200,1,2026-04-03,,0,22200
payment_option_183,request_66,installments,1276.5,18,2026-04-06,31,777,22977
payment_option_184,request_66,installments,971.25,24,2026-04-17,30,1110,23310
payment_option_185,request_67,full_payment,2094,1,2024-09-05,,0,2094
payment_option_186,request_67,installments,117.66,21,2024-09-12,28,376.86,2470.86
payment_option_187,request_68,installments,725.09,3,2025-02-14,28,83.67,2175.27
payment_option_188,request_68,full_payment,2091.6,1,2025-02-07,,0,2091.6
payment_option_189,request_68,installments,153.38,15,2025-02-21,30,209.1,2300.7
payment_option_190,request_69,full_payment,529.1,1,2026-01-04,,0,529.1
payment_option_191,request_69,installments,33.51,18,2026-01-04,31,74.08,603.18
payment_option_192,request_69,installments,95.24,6,2026-01-07,28,42.34,571.44
payment_option_193,request_70,full_payment,243900,1,2024-12-06,,0,243900
payment_option_194,request_70,installments,13704.86,21,2024-12-09,28,43902.06,287802.06
payment_option_195,request_70,installments,12398.25,24,2024-12-20,31,53658,297558
payment_option_196,request_71,full_payment,21451000,1,2025-05-03,,0,21451000
payment_option_197,request_71,installments,1573073.33,15,2025-05-10,30,2145099.95,23596099.95
payment_option_198,request_72,full_payment,11330,1,2026-07-05,,0,11330
payment_option_199,request_72,installments,717.57,18,2026-07-19,31,1586.26,12916.26
payment_option_200,request_72,installments,2039.4,6,2026-07-05,28,906.4,12236.4
payment_option_201,request_72,installments,575.94,24,2026-07-08,30,2492.56,13822.56
payment_option_202,request_73,full_payment,71400,1,2023-01-20,,0,71400
payment_option_203,request_73,installments,4012,21,2023-01-20,28,12852,84252
payment_option_204,request_73,installments,12852,6,2023-01-23,30,5712,77112
payment_option_205,request_74,full_payment,5010,1,2025-08-04,,0,5010
payment_option_206,request_74,installments,345.69,15,2025-08-07,30,175.35,5185.35
payment_option_207,request_74,installments,219.19,24,2025-08-18,28,250.56,5260.56
payment_option_208,request_75,installments,9800.27,3,2026-04-09,30,1130.81,29400.81
payment_option_209,request_75,full_payment,28270,1,2026-04-06,,0,28270
payment_option_210,request_75,installments,1790.43,18,2026-04-13,31,3957.74,32227.74
payment_option_211,request_76,full_payment,4455.6,1,2024-06-03,,0,4455.6
payment_option_212,request_76,installments,250.36,21,2024-06-17,28,801.96,5257.56
payment_option_213,request_76,installments,226.49,24,2024-06-06,31,980.16,5435.76
payment_option_214,request_77,full_payment,60700,1,2025-11-05,,0,60700
payment_option_215,request_77,installments,4451.33,15,2025-11-05,30,6069.95,66769.95
payment_option_216,request_77,installments,10926,6,2025-11-08,31,4856,65556
payment_option_217,request_78,full_payment,50200,1,2025-10-02,,0,50200
payment_option_218,request_78,installments,3179.33,18,2025-10-05,31,7027.94,57227.94
payment_option_219,request_78,installments,9036,6,2025-10-09,28,4016,54216
payment_option_220,request_78,installments,2551.83,24,2025-10-16,30,11043.92,61243.92
payment_option_221,request_79,full_payment,2151.6,1,2024-09-04,,0,2151.6
payment_option_222,request_79,installments,120.9,21,2024-09-11,28,387.3,2538.9
payment_option_223,request_80,full_payment,217500,1,2025-02-06,,0,217500
payment_option_224,request_80,installments,15950,15,2025-02-20,30,21750,239250
payment_option_225,request_80,installments,11056.25,24,2025-02-09,28,47850,265350
payment_option_226,request_81,full_payment,2076,1,2026-07-03,,0,2076
payment_option_227,request_81,installments,131.48,18,2026-07-03,31,290.64,2366.64
payment_option_228,request_81,installments,373.68,6,2026-07-06,28,166.08,2242.08
payment_option_229,request_82,full_payment,1405.2,1,2024-12-05,,0,1405.2
payment_option_230,request_82,installments,78.96,21,2024-12-08,28,252.96,1658.16
payment_option_231,request_82,installments,71.43,24,2024-12-19,31,309.12,1714.32
payment_option_232,request_83,full_payment,156200,1,2025-05-07,,0,156200
payment_option_233,request_83,installments,11454.67,15,2025-05-14,30,15620.05,171820.05
payment_option_234,request_84,full_payment,95400,1,2026-04-04,,0,95400
payment_option_235,request_84,installments,6042,18,2026-04-18,31,13356,108756
payment_option_236,request_84,installments,4849.5,24,2026-04-07,30,20988,116388
payment_option_237,request_85,full_payment,19304000,1,2024-03-06,,0,19304000
payment_option_238,request_85,installments,1084700.95,21,2024-03-06,28,3474719.95,22778719.95
payment_option_239,request_86,full_payment,46300,1,2025-08-03,,0,46300
payment_option_240,request_86,installments,3395.33,15,2025-08-06,30,4629.95,50929.95
payment_option_241,request_86,installments,8334,6,2025-08-10,31,3704,50004
payment_option_242,request_86,installments,2353.58,24,2025-08-17,28,10185.92,56485.92
payment_option_243,request_87,full_payment,487900,1,2026-01-05,,0,487900
payment_option_244,request_87,installments,30900.33,18,2026-01-12,31,68305.94,556205.94
payment_option_245,request_88,installments,9045.23,3,2024-06-14,31,1043.69,27135.69
payment_option_246,request_88,full_payment,26092,1,2024-06-07,,0,26092
payment_option_247,request_88,installments,1466.12,21,2024-06-21,28,4696.52,30788.52
payment_option_248,request_89,installments,4768746.67,3,2025-11-18,28,550240.01,14306240.01
payment_option_249,request_89,full_payment,13756000,1,2025-11-04,,0,13756000
payment_option_250,request_89,installments,1008773.33,15,2025-11-04,30,1375599.95,15131599.95
payment_option_251,request_90,full_payment,2560,1,2026-07-06,,0,2560
payment_option_252,request_90,installments,147.2,18,2026-07-09,31,89.6,2649.6
payment_option_253,request_90,installments,112,24,2026-07-20,30,128,2688
payment_option_254,request_91,full_payment,1927.2,1,2024-09-03,,0,1927.2
payment_option_255,request_91,installments,108.29,21,2024-09-10,28,346.89,2274.09
payment_option_256,request_92,full_payment,34034,1,2025-02-05,,0,34034
payment_option_257,request_92,installments,2495.83,15,2025-02-19,30,3403.45,37437.45
payment_option_258,request_92,installments,6126.12,6,2025-02-05,31,2722.72,36756.72
payment_option_259,request_92,installments,1730.06,24,2025-02-08,28,7487.44,41521.44
payment_option_260,request_93,full_payment,1729.2,1,2026-04-07,,0,1729.2
payment_option_261,request_93,installments,109.52,18,2026-04-07,31,242.16,1971.36
payment_option_262,request_93,installments,311.26,6,2026-04-10,28,138.36,1867.56
payment_option_263,request_94,full_payment,572,1,2024-12-04,,0,572
payment_option_264,request_94,installments,32.14,21,2024-12-07,28,102.94,674.94
payment_option_265,request_94,installments,102.96,6,2024-12-11,30,45.76,617.76
payment_option_266,request_94,installments,29.08,24,2024-12-18,31,125.92,697.92
payment_option_267,request_95,full_payment,553000,1,2025-05-06,,0,553000
payment_option_268,request_95,installments,40553.33,15,2025-05-13,30,55299.95,608299.95
payment_option_269,request_96,installments,31269.33,3,2026-01-10,30,3607.99,93807.99
payment_option_270,request_96,full_payment,90200,1,2026-01-03,,0,90200
payment_option_271,request_96,installments,5712.67,18,2026-01-17,31,12628.06,102828.06
payment_option_272,request_97,installments,8145.28,3,2024-03-19,31,939.84,24435.84
payment_option_273,request_97,full_payment,23496,1,2024-03-05,,0,23496
payment_option_274,request_97,installments,1320.25,21,2024-03-05,28,4229.25,27725.25
payment_option_275,request_98,full_payment,27148,1,2025-08-07,,0,27148
payment_option_276,request_98,installments,1990.85,15,2025-08-10,30,2714.75,29862.75
payment_option_277,request_98,installments,1380.02,24,2025-08-21,28,5972.48,33120.48
payment_option_278,request_99,full_payment,18062,1,2026-07-04,,0,18062
payment_option_279,request_99,installments,1143.93,18,2026-07-11,31,2528.74,20590.74
payment_option_280,request_99,installments,3251.16,6,2026-07-18,28,1444.96,19506.96
payment_option_281,request_100,installments,12866.19,3,2024-06-13,31,1484.57,38598.57
payment_option_282,request_100,full_payment,37114,1,2024-06-06,,0,37114
payment_option_283,request_100,installments,2085.45,21,2024-06-20,28,6680.45,43794.45
payment_option_284,request_101,full_payment,143500,1,2025-11-03,,0,143500
payment_option_285,request_101,installments,10523.33,15,2025-11-03,30,14349.95,157849.95
payment_option_286,request_101,installments,25830,6,2025-11-06,31,11480,154980
payment_option_287,request_102,installments,594.88,3,2026-04-05,30,68.64,1784.64
payment_option_288,request_102,full_payment,1716,1,2026-04-05,,0,1716
payment_option_289,request_102,installments,108.68,18,2026-04-08,31,240.24,1956.24
payment_option_290,request_103,full_payment,368300,1,2024-09-07,,0,368300
payment_option_291,request_103,installments,20694.95,21,2024-09-14,28,66293.95,434593.95
payment_option_292,request_104,full_payment,17204,1,2025-02-04,,0,17204
payment_option_293,request_104,installments,1261.63,15,2025-02-18,30,1720.45,18924.45
payment_option_294,request_104,installments,874.54,24,2025-02-07,28,3784.96,20988.96
payment_option_295,request_105,full_payment,53500,1,2026-06-08,,0,53500
payment_option_296,request_105,installments,3388.33,18,2026-06-08,31,7489.94,60989.94
payment_option_297,request_105,installments,9630,6,2026-06-11,28,4280,57780
payment_option_298,request_106,full_payment,2207.7,1,2024-12-03,,0,2207.7
payment_option_299,request_106,installments,124.05,21,2024-12-06,28,397.35,2605.05
payment_option_300,request_106,installments,112.22,24,2024-12-17,31,485.58,2693.28
payment_option_301,request_107,installments,878.59,3,2025-05-08,28,101.37,2635.77
payment_option_302,request_107,full_payment,2534.4,1,2025-05-05,,0,2534.4
payment_option_303,request_107,installments,185.86,15,2025-05-12,30,253.5,2787.9
payment_option_304,request_108,full_payment,55308,1,2026-07-07,,0,55308
payment_option_305,request_108,installments,3502.84,18,2026-07-21,31,7743.12,63051.12
payment_option_306,request_108,installments,2811.49,24,2026-07-10,30,12167.76,67475.76
payment_option_307,request_109,installments,645.98,3,2024-03-18,31,74.54,1937.94
payment_option_308,request_109,full_payment,1863.4,1,2024-03-04,,0,1863.4
payment_option_309,request_109,installments,104.71,21,2024-03-04,28,335.51,2198.91
payment_option_310,request_110,installments,7748.69,3,2025-08-06,28,894.07,23246.07
payment_option_311,request_110,full_payment,22352,1,2025-08-06,,0,22352
payment_option_312,request_110,installments,1639.15,15,2025-08-09,30,2235.25,24587.25
payment_option_313,request_111,full_payment,16625000,1,2026-04-03,,0,16625000
payment_option_314,request_111,installments,1052916.67,18,2026-04-10,31,2327500.06,18952500.06
payment_option_315,request_111,installments,2992500,6,2026-04-17,28,1330000,17955000
payment_option_316,request_112,full_payment,271.7,1,2024-06-05,,0,271.7
payment_option_317,request_112,installments,15.27,21,2024-06-19,28,48.97,320.67
payment_option_318,request_112,installments,48.91,6,2024-06-05,30,21.76,293.46
payment_option_319,request_112,installments,13.81,24,2024-06-08,31,59.74,331.44
payment_option_320,request_113,full_payment,36500,1,2026-09-04,,0,36500
payment_option_321,request_113,installments,2518.5,15,2026-09-04,30,1277.5,37777.5
payment_option_322,request_114,full_payment,65300,1,2026-01-04,,0,65300
payment_option_323,request_114,installments,4135.67,18,2026-01-07,31,9142.06,74442.06
payment_option_324,request_114,installments,11754,6,2026-01-11,28,5224,70524
payment_option_325,request_114,installments,3319.42,24,2026-01-18,30,14366.08,79666.08
payment_option_326,request_115,full_payment,80500,1,2024-09-06,,0,80500
payment_option_327,request_115,installments,4523.33,21,2024-09-13,28,14489.93,94989.93
payment_option_328,request_116,full_payment,241200,1,2025-02-03,,0,241200
payment_option_329,request_116,installments,17688,15,2025-02-17,30,24120,265320
payment_option_330,request_116,installments,12261,24,2025-02-06,28,53064,294264
payment_option_331,request_117,full_payment,880,1,2026-07-05,,0,880
payment_option_332,request_117,installments,55.73,18,2026-07-05,31,123.14,1003.14
payment_option_333,request_117,installments,158.4,6,2026-07-08,28,70.4,950.4
payment_option_334,request_118,installments,255.87,3,2024-12-07,31,29.51,767.61
payment_option_335,request_118,full_payment,738.1,1,2024-12-07,,0,738.1
payment_option_336,request_118,installments,41.47,21,2024-12-10,28,132.77,870.87
payment_option_337,request_119,installments,70546.67,3,2025-05-18,28,8140.01,211640.01
payment_option_338,request_119,full_payment,203500,1,2025-05-04,,0,203500
payment_option_339,request_119,installments,14923.33,15,2025-05-11,30,20349.95,223849.95
payment_option_340,request_120,full_payment,7714000,1,2026-04-06,,0,7714000
payment_option_341,request_120,installments,488553.33,18,2026-04-20,31,1079959.94,8793959.94
payment_option_342,request_120,installments,1388520,6,2026-04-06,28,617120,8331120
payment_option_343,request_120,installments,392128.33,24,2026-04-09,30,1697079.92,9411079.92
payment_option_344,request_121,full_payment,633.6,1,2024-03-03,,0,633.6
payment_option_345,request_121,installments,35.6,21,2024-03-03,28,114,747.6
payment_option_346,request_121,installments,114.05,6,2024-03-06,30,50.7,684.3
payment_option_347,request_122,installments,7126773.33,3,2025-08-05,28,822319.99,21380319.99
payment_option_348,request_122,full_payment,20558000,1,2025-08-05,,0,20558000
payment_option_349,request_122,installments,1507586.67,15,2025-08-08,30,2055800.05,22613800.05
payment_option_350,request_123,full_payment,4076000,1,2026-01-07,,0,4076000
payment_option_351,request_123,installments,234370,18,2026-01-14,31,142660,4218660
payment_option_352,request_124,installments,1076.12,3,2024-06-11,31,124.16,3228.36
payment_option_353,request_124,full_payment,3104.2,1,2024-06-04,,0,3104.2
payment_option_354,request_124,installments,174.43,21,2024-06-18,28,558.83,3663.03
payment_option_355,request_125,full_payment,6468,1,2025-11-06,,0,6468
payment_option_356,request_125,installments,474.32,15,2025-11-06,30,646.8,7114.8
payment_option_357,request_125,installments,1164.24,6,2025-11-09,31,517.44,6985.44
payment_option_358,request_126,full_payment,159600,1,2026-07-03,,0,159600
payment_option_359,request_126,installments,10108,18,2026-07-06,31,22344,181944
payment_option_360,request_126,installments,8113,24,2026-07-17,30,35112,194712
payment_option_361,request_127,full_payment,23980,1,2024-09-05,,0,23980
payment_option_362,request_127,installments,1181.88,21,2024-09-12,28,839.48,24819.48
payment_option_363,request_128,full_payment,25168,1,2025-02-07,,0,25168
payment_option_364,request_128,installments,1845.65,15,2025-02-21,30,2516.75,27684.75
payment_option_365,request_128,installments,4530.24,6,2025-02-07,31,2013.44,27181.44
payment_option_366,request_128,installments,1279.37,24,2025-02-10,28,5536.88,30704.88
payment_option_367,request_129,full_payment,2668.8,1,2026-04-04,,0,2668.8
payment_option_368,request_129,installments,169.02,18,2026-04-04,31,373.56,3042.36
payment_option_369,request_130,full_payment,1978.8,1,2024-12-06,,0,1978.8
payment_option_370,request_130,installments,111.19,21,2024-12-09,28,356.19,2334.99
payment_option_371,request_130,installments,100.59,24,2024-12-20,31,435.36,2414.16
payment_option_372,request_131,installments,643.14,3,2025-05-06,28,74.22,1929.42
payment_option_373,request_131,full_payment,1855.2,1,2025-05-03,,0,1855.2
payment_option_374,request_131,installments,136.05,15,2025-05-10,30,185.55,2040.75
payment_option_375,request_132,full_payment,379.86,1,2026-01-05,,0,379.86
payment_option_376,request_132,installments,21.85,18,2026-01-19,31,13.44,393.3
payment_option_377,request_132,installments,16.62,24,2026-01-08,30,19.02,398.88
payment_option_378,request_133,full_payment,15770000,1,2024-03-07,,0,15770000
payment_option_379,request_133,installments,886123.81,21,2024-03-07,28,2838600.01,18608600.01
payment_option_380,request_134,full_payment,21831000,1,2025-08-04,,0,21831000
payment_option_381,request_134,installments,1600940,15,2025-08-07,30,2183100,24014100
payment_option_382,request_134,installments,1109742.5,24,2025-08-18,28,4802820,26633820
payment_option_383,request_135,full_payment,304.8,1,2026-07-06,,0,304.8
payment_option_384,request_135,installments,19.3,18,2026-07-13,31,42.6,347.4
payment_option_385,request_135,installments,54.86,6,2026-07-20,28,24.36,329.16
payment_option_386,request_136,full_payment,560.4,1,2024-06-03,,0,560.4
payment_option_387,request_136,installments,31.49,21,2024-06-17,28,100.89,661.29
payment_option_388,request_136,installments,100.87,6,2024-06-03,30,44.82,605.22
payment_option_389,request_136,installments,28.49,24,2024-06-06,31,123.36,683.76
payment_option_390,request_137,full_payment,80100,1,2025-11-05,,0,80100
payment_option_391,request_137,installments,5874,15,2025-11-05,30,8010,88110
payment_option_392,request_138,full_payment,1256.94,1,2026-04-07,,0,1256.94
payment_option_393,request_138,installments,435.74,3,2026-04-07,28,50.28,1307.22
payment_option_394,request_138,installments,333.09,4,2026-04-12,30,75.42,1332.36
payment_option_395,request_139,installments,802.88,3,2024-09-07,31,92.64,2408.64
payment_option_396,request_139,full_payment,2316,1,2024-09-04,,0,2316
payment_option_397,request_139,installments,130.14,21,2024-09-11,28,416.94,2732.94
payment_option_398,request_140,full_payment,62832,1,2025-02-06,,0,62832
payment_option_399,request_140,installments,4607.68,15,2025-02-20,30,6283.2,69115.2
payment_option_400,request_140,installments,3193.96,24,2025-02-09,28,13823.04,76655.04
payment_option_401,request_141,full_payment,171600,1,2026-01-03,,0,171600
payment_option_402,request_141,installments,10868,18,2026-01-03,31,24024,195624
payment_option_403,request_142,full_payment,1263.6,1,2024-12-05,,0,1263.6
payment_option_404,request_142,installments,71,21,2024-12-08,28,227.4,1491
payment_option_405,request_142,installments,227.45,6,2024-12-12,30,101.1,1364.7
payment_option_406,request_142,installments,64.23,24,2024-12-19,31,277.92,1541.52
payment_option_407,request_143,full_payment,12584,1,2025-05-07,,0,12584
payment_option_408,request_143,installments,922.83,15,2025-05-14,30,1258.45,13842.45
payment_option_409,request_144,full_payment,233.34,1,2026-07-04,,0,233.34
payment_option_410,request_144,installments,13.42,18,2026-07-18,31,8.22,241.56
payment_option_411,request_144,installments,10.21,24,2026-07-07,30,11.7,245.04
payment_option_412,request_145,installments,75365.33,3,2024-03-20,31,8695.99,226095.99
payment_option_413,request_145,full_payment,217400,1,2024-03-06,,0,217400
payment_option_414,request_145,installments,12215.81,21,2024-03-06,28,39132.01,256532.01
payment_option_415,request_146,full_payment,449400,1,2025-08-03,,0,449400
payment_option_416,request_146,installments,32956,15,2025-08-06,30,44940,494340
payment_option_417,request_146,installments,22844.5,24,2025-08-17,28,98868,548268
payment_option_418,request_147,installments,391.63,3,2026-04-08,30,45.19,1174.89
payment_option_419,request_147,full_payment,1129.7,1,2026-04-05,,0,1129.7
payment_option_420,request_147,installments,71.55,18,2026-04-12,31,158.2,1287.9
payment_option_421,request_148,installments,7710.56,3,2024-06-14,31,889.68,23131.68
payment_option_422,request_148,full_payment,22242,1,2024-06-07,,0,22242
payment_option_423,request_148,installments,1249.79,21,2024-06-21,28,4003.59,26245.59
payment_option_424,request_149,installments,12706.03,3,2025-11-18,28,1466.09,38118.09
payment_option_425,request_149,full_payment,36652,1,2025-11-04,,0,36652
payment_option_426,request_149,installments,2687.81,15,2025-11-04,30,3665.15,40317.15
payment_option_427,request_150,installments,171.98,3,2026-01-06,30,19.84,515.94
payment_option_428,request_150,full_payment,496.1,1,2026-01-06,,0,496.1
payment_option_429,request_150,installments,31.42,18,2026-01-09,31,69.46,565.56
payment_option_430,request_151,full_payment,26999000,1,2024-09-03,,0,26999000
payment_option_431,request_151,installments,1517086.67,21,2024-09-10,28,4859820.07,31858820.07
payment_option_432,request_151,installments,4859820,6,2024-09-17,30,2159920,29158920
payment_option_433,request_152,installments,4812.43,3,2025-02-12,28,555.29,14437.29
payment_option_434,request_152,full_payment,13882,1,2025-02-05,,0,13882
payment_option_435,request_152,installments,1018.01,15,2025-02-19,30,1388.15,15270.15
payment_option_436,request_153,full_payment,2830.8,1,2026-07-07,,0,2830.8
payment_option_437,request_153,installments,179.28,18,2026-07-07,31,396.24,3227.04
payment_option_438,request_154,installments,563.61,3,2024-12-04,31,65.03,1690.83
payment_option_439,request_154,full_payment,1625.8,1,2024-12-04,,0,1625.8
payment_option_440,request_154,installments,91.35,21,2024-12-07,28,292.55,1918.35
payment_option_441,request_155,full_payment,112500,1,2025-05-06,,0,112500
payment_option_442,request_155,installments,8250,15,2025-05-13,30,11250,123750
payment_option_443,request_155,installments,20250,6,2025-05-20,31,9000,121500
payment_option_444,request_156,full_payment,43076,1,2026-04-03,,0,43076
payment_option_445,request_156,installments,2728.15,18,2026-04-17,31,6030.7,49106.7
payment_option_446,request_156,installments,2189.7,24,2026-04-06,30,9476.8,52552.8
payment_option_447,request_157,full_payment,23503000,1,2024-03-05,,0,23503000
payment_option_448,request_157,installments,1320644.76,21,2024-03-05,28,4230539.96,27733539.96
payment_option_449,request_158,installments,84101.33,3,2025-08-07,28,9703.99,252303.99
payment_option_450,request_158,full_payment,242600,1,2025-08-07,,0,242600
payment_option_451,request_158,installments,17790.67,15,2025-08-10,30,24260.05,266860.05
payment_option_452,request_159,full_payment,13398,1,2026-01-04,,0,13398
payment_option_453,request_159,installments,848.54,18,2026-01-11,31,1875.72,15273.72
payment_option_454,request_160,installments,432.05,3,2024-06-13,31,49.85,1296.15
payment_option_455,request_160,full_payment,1246.3,1,2024-06-06,,0,1246.3
payment_option_456,request_160,installments,70.03,21,2024-06-20,28,224.33,1470.63
payment_option_457,request_161,full_payment,21204000,1,2025-11-03,,0,21204000
payment_option_458,request_161,installments,1554960,15,2025-11-03,30,2120400,23324400
payment_option_459,request_162,full_payment,83923000,1,2026-07-05,,0,83923000
payment_option_460,request_162,installments,5315123.33,18,2026-07-08,31,11749219.94,95672219.94
payment_option_461,request_162,installments,4266085.83,24,2026-07-19,30,18463059.92,102386059.92
payment_option_462,request_163,installments,6692053.33,3,2024-09-10,31,772159.99,20076159.99
payment_option_463,request_163,full_payment,19304000,1,2024-09-07,,0,19304000
payment_option_464,request_163,installments,1084700.95,21,2024-09-14,28,3474719.95,22778719.95
payment_option_465,request_164,installments,9366240,3,2025-02-11,28,1080720,28098720
payment_option_466,request_164,full_payment,27018000,1,2025-02-04,,0,27018000
payment_option_467,request_164,installments,1981320,15,2025-02-18,30,2701800,29719800
payment_option_468,request_165,full_payment,80600,1,2026-04-06,,0,80600
payment_option_469,request_165,installments,5104.67,18,2026-04-06,31,11284.06,91884.06
payment_option_470,request_165,installments,14508,6,2026-04-09,28,6448,87048
payment_option_471,request_166,installments,1007.97,3,2024-12-03,31,116.31,3023.91
payment_option_472,request_166,full_payment,2907.6,1,2024-12-03,,0,2907.6
payment_option_473,request_166,installments,163.38,21,2024-12-06,28,523.38,3430.98
payment_option_474,request_167,full_payment,43802,1,2025-05-05,,0,43802
payment_option_475,request_167,installments,3212.15,15,2025-05-12,30,4380.25,48182.25
payment_option_476,request_167,installments,7884.36,6,2025-05-19,31,3504.16,47306.16
payment_option_477,request_168,full_payment,49380,1,2026-01-07,,0,49380
payment_option_478,request_168,installments,17118.4,3,2026-01-14,30,1975.2,51355.2
payment_option_479,request_168,installments,13085.7,4,2026-01-10,30,2962.8,52342.8
payment_option_480,request_169,full_payment,41976,1,2024-03-04,,0,41976
payment_option_481,request_169,installments,2358.65,21,2024-03-04,28,7555.65,49531.65
payment_option_482,request_169,installments,7555.68,6,2024-03-07,30,3358.08,45334.08
payment_option_483,request_170,installments,12804480,3,2025-08-06,28,1477440,38413440
payment_option_484,request_170,full_payment,36936000,1,2025-08-06,,0,36936000
payment_option_485,request_170,installments,2708640,15,2025-08-09,30,3693600,40629600
payment_option_486,request_171,full_payment,1878.8,1,2026-07-03,,0,1878.8
payment_option_487,request_171,installments,118.99,18,2026-07-10,31,263.02,2141.82
payment_option_488,request_172,full_payment,10200,1,2024-06-05,,0,10200
payment_option_489,request_172,installments,5304,2,2024-06-05,28,408,10608
payment_option_490,request_172,installments,3604,3,2024-06-12,31,612,10812
payment_option_491,request_173,installments,39173.33,3,2025-11-21,28,4519.99,117519.99
payment_option_492,request_173,full_payment,113000,1,2025-11-07,,0,113000
payment_option_493,request_173,installments,8286.67,15,2025-11-07,30,11300.05,124300.05
payment_option_494,request_174,installments,397.35,3,2026-04-04,30,45.85,1192.05
payment_option_495,request_174,full_payment,1146.2,1,2026-04-04,,0,1146.2
payment_option_496,request_174,installments,72.59,18,2026-04-07,31,160.42,1306.62
payment_option_497,request_175,full_payment,2346.3,1,2024-09-06,,0,2346.3
payment_option_498,request_175,installments,131.84,21,2024-09-13,28,422.34,2768.64
payment_option_499,request_175,installments,422.33,6,2024-09-20,30,187.68,2533.98
payment_option_500,request_176,full_payment,1239.7,1,2025-02-03,,0,1239.7
payment_option_501,request_176,installments,90.91,15,2025-02-17,30,123.95,1363.65
payment_option_502,request_176,installments,63.02,24,2025-02-06,28,272.78,1512.48
payment_option_503,request_177,full_payment,1017.6,1,2026-01-05,,0,1017.6
payment_option_504,request_177,installments,64.45,18,2026-01-05,31,142.5,1160.1
payment_option_505,request_177,installments,183.17,6,2026-01-08,28,81.42,1099.02
payment_option_506,request_178,installments,1018.54,3,2024-12-07,31,117.52,3055.62
payment_option_507,request_178,full_payment,2938.1,1,2024-12-07,,0,2938.1
payment_option_508,request_178,installments,165.09,21,2024-12-10,28,528.79,3466.89
payment_option_509,request_179,full_payment,41648000,1,2025-05-04,,0,41648000
payment_option_510,request_179,installments,3054186.67,15,2025-05-11,30,4164800.05,45812800.05
payment_option_511,request_180,full_payment,66500,1,2026-07-06,,0,66500
payment_option_512,request_180,installments,4211.67,18,2026-07-20,31,9310.06,75810.06
payment_option_513,request_180,installments,11970,6,2026-07-06,28,5320,71820
payment_option_514,request_180,installments,3380.42,24,2026-07-09,30,14630.08,81130.08
payment_option_515,request_181,full_payment,5059.2,1,2024-03-03,,0,5059.2
payment_option_516,request_181,installments,284.28,21,2024-03-03,28,910.68,5969.88
payment_option_517,request_182,full_payment,65714,1,2025-08-05,,0,65714
payment_option_518,request_182,installments,4819.03,15,2025-08-08,30,6571.45,72285.45
payment_option_519,request_182,installments,11828.52,6,2025-08-12,31,5257.12,70971.12
payment_option_520,request_182,installments,3340.46,24,2025-08-19,28,14457.04,80171.04
payment_option_521,request_183,installments,9313546.67,3,2026-04-10,30,1074640.01,27940640.01
payment_option_522,request_183,full_payment,26866000,1,2026-04-07,,0,26866000
payment_option_523,request_183,installments,1701513.33,18,2026-04-14,31,3761239.94,30627239.94
payment_option_524,request_184,full_payment,251900,1,2024-06-04,,0,251900
payment_option_525,request_184,installments,14154.38,21,2024-06-18,28,45341.98,297241.98
payment_option_526,request_184,installments,12804.92,24,2024-06-07,31,55418.08,307318.08
payment_option_527,request_185,full_payment,1257.3,1,2025-11-06,,0,1257.3
payment_option_528,request_185,installments,92.2,15,2025-11-06,30,125.7,1383
payment_option_529,request_186,full_payment,26554,1,2026-01-03,,0,26554
payment_option_530,request_186,installments,1681.75,18,2026-01-06,31,3717.5,30271.5
payment_option_531,request_186,installments,1349.83,24,2026-01-17,30,5841.92,32395.92
payment_option_532,request_187,full_payment,187500,1,2024-09-05,,0,187500
payment_option_533,request_187,installments,10535.71,21,2024-09-12,28,33749.91,221249.91
payment_option_534,request_188,full_payment,2464,1,2025-02-07,,0,2464
payment_option_535,request_188,installments,180.69,15,2025-02-21,30,246.35,2710.35
payment_option_536,request_188,installments,125.25,24,2025-02-10,28,542,3006
payment_option_537,request_189,full_payment,488.4,1,2026-07-04,,0,488.4
payment_option_538,request_189,installments,30.93,18,2026-07-04,31,68.34,556.74
payment_option_539,request_189,installments,87.91,6,2026-07-07,28,39.06,527.46
payment_option_540,request_190,full_payment,2557.5,1,2024-12-06,,0,2557.5
payment_option_541,request_190,installments,143.71,21,2024-12-09,28,460.41,3017.91
payment_option_542,request_190,installments,130.01,24,2024-12-20,31,562.74,3120.24
payment_option_543,request_191,full_payment,664.4,1,2025-05-03,,0,664.4
payment_option_544,request_191,installments,48.72,15,2025-05-10,30,66.4,730.8
payment_option_545,request_191,installments,119.59,6,2025-05-17,31,53.14,717.54
payment_option_546,request_192,full_payment,2046,1,2026-04-05,,0,2046
payment_option_547,request_192,installments,129.58,18,2026-04-19,31,286.44,2332.44
payment_option_548,request_192,installments,104.01,24,2026-04-08,30,450.24,2496.24
payment_option_549,request_193,installments,420.23,3,2024-03-21,31,48.49,1260.69
payment_option_550,request_193,full_payment,1212.2,1,2024-03-07,,0,1212.2
payment_option_551,request_193,installments,68.11,21,2024-03-07,28,218.11,1430.31
payment_option_552,request_194,full_payment,132800,1,2025-08-04,,0,132800
payment_option_553,request_194,installments,9738.67,15,2025-08-07,30,13280.05,146080.05
payment_option_554,request_194,installments,6750.67,24,2025-08-18,28,29216.08,162016.08
payment_option_555,request_195,installments,405.74,3,2026-01-09,30,46.82,1217.22
payment_option_556,request_195,full_payment,1170.4,1,2026-01-06,,0,1170.4
payment_option_557,request_195,installments,74.13,18,2026-01-13,31,163.94,1334.34
payment_option_558,request_196,full_payment,762.3,1,2024-06-03,,0,762.3
payment_option_559,request_196,installments,42.83,21,2024-06-17,28,137.13,899.43
payment_option_560,request_196,installments,137.21,6,2024-06-03,30,60.96,823.26
payment_option_561,request_196,installments,38.75,24,2024-06-06,31,167.7,930
payment_option_562,request_197,installments,17658853.33,3,2025-11-19,28,2037559.99,52976559.99
payment_option_563,request_197,full_payment,50939000,1,2025-11-05,,0,50939000
payment_option_564,request_197,installments,3735526.67,15,2025-11-05,30,5093900.05,56032900.05
payment_option_565,request_198,full_payment,185800,1,2026-07-07,,0,185800
payment_option_566,request_198,installments,11767.33,18,2026-07-10,31,26011.94,211811.94
payment_option_567,request_198,installments,33444,6,2026-07-14,28,14864,200664
payment_option_568,request_198,installments,9444.83,24,2026-07-21,30,40875.92,226675.92
payment_option_569,request_199,installments,8206986.67,3,2024-09-07,31,946960.01,24620960.01
payment_option_570,request_199,full_payment,23674000,1,2024-09-04,,0,23674000
payment_option_571,request_199,installments,1330253.33,21,2024-09-11,28,4261319.93,27935319.93
payment_option_572,request_200,full_payment,21717000,1,2025-02-06,,0,21717000
payment_option_573,request_200,installments,1592580,15,2025-02-20,30,2171700,23888700
payment_option_574,request_200,installments,3909060,6,2025-02-06,31,1737360,23454360
payment_option_575,request_200,installments,1103947.5,24,2025-02-09,28,4777740,26494740
payment_option_576,request_201,full_payment,23997000,1,2026-04-03,,0,23997000
payment_option_577,request_201,installments,1519810,18,2026-04-03,31,3359580,27356580
payment_option_578,request_201,installments,4319460,6,2026-04-06,28,1919760,25916760
payment_option_579,request_202,full_payment,123900,1,2024-12-05,,0,123900
payment_option_580,request_202,installments,6962,21,2024-12-08,28,22302,146202
payment_option_581,request_202,installments,22302,6,2024-12-12,30,9912,133812
payment_option_582,request_202,installments,6298.25,24,2024-12-19,31,27258,151158
payment_option_583,request_203,installments,499.93,3,2025-05-10,28,57.69,1499.79
payment_option_584,request_203,full_payment,1442.1,1,2025-05-07,,0,1442.1
payment_option_585,request_203,installments,105.75,15,2025-05-14,30,144.15,1586.25
payment_option_586,request_204,full_payment,588.74,1,2026-01-04,,0,588.74
payment_option_587,request_204,installments,33.86,18,2026-01-18,31,20.74,609.48
payment_option_588,request_204,installments,25.76,24,2026-01-07,30,29.5,618.24
payment_option_589,request_205,full_payment,10621000,1,2024-03-06,,0,10621000
payment_option_590,request_205,installments,596799.05,21,2024-03-06,28,1911780.05,12532780.05
payment_option_591,request_205,installments,1911780,6,2024-03-09,30,849680,11470680
payment_option_592,request_206,installments,486.96,3,2025-08-03,28,56.18,1460.88
payment_option_593,request_206,full_payment,1404.7,1,2025-08-03,,0,1404.7
payment_option_594,request_206,installments,103.01,15,2025-08-06,30,140.45,1545.15
payment_option_595,request_207,full_payment,11830,1,2026-07-05,,0,11830
payment_option_596,request_207,installments,680.23,18,2026-07-12,31,414.14,12244.14
payment_option_597,request_208,full_payment,4413000,1,2024-06-07,,0,4413000
payment_option_598,request_208,installments,217497.86,21,2024-06-21,28,154455.06,4567455.06
payment_option_599,request_208,installments,193068.75,24,2024-06-10,31,220650,4633650
payment_option_600,request_209,full_payment,56914,1,2025-11-04,,0,56914
payment_option_601,request_209,installments,4173.69,15,2025-11-04,30,5691.35,62605.35
payment_option_602,request_210,full_payment,1360.02,1,2026-04-06,,0,1360.02
payment_option_603,request_210,installments,471.48,3,2026-04-06,28,54.42,1414.44
payment_option_604,request_210,installments,360.41,4,2026-04-11,30,81.62,1441.64
payment_option_605,request_211,full_payment,1788.6,1,2024-09-03,,0,1788.6
payment_option_606,request_211,installments,100.5,21,2024-09-10,28,321.9,2110.5
payment_option_607,request_212,full_payment,71934000,1,2025-02-05,,0,71934000
payment_option_608,request_212,installments,5275160,15,2025-02-19,30,7193400,79127400
payment_option_609,request_212,installments,3656645,24,2025-02-08,28,15825480,87759480
payment_option_610,request_213,installments,1165.63,3,2026-01-21,30,134.49,3496.89
payment_option_611,request_213,full_payment,3362.4,1,2026-01-07,,0,3362.4
payment_option_612,request_213,installments,212.95,18,2026-01-07,31,470.7,3833.1
payment_option_613,request_214,full_payment,69750,1,2024-12-04,,0,69750
payment_option_614,request_214,installments,36270,2,2024-12-04,28,2790,72540
payment_option_615,request_214,installments,24645,3,2024-12-05,31,4185,73935
payment_option_616,request_215,installments,10395.15,3,2025-05-09,28,1199.45,31185.45
payment_option_617,request_215,full_payment,29986,1,2025-05-06,,0,29986
payment_option_618,request_215,installments,2198.97,15,2025-05-13,30,2998.55,32984.55
payment_option_619,request_216,full_payment,3332.4,1,2026-07-03,,0,3332.4
payment_option_620,request_216,installments,211.05,18,2026-07-17,31,466.5,3798.9
payment_option_621,request_216,installments,169.4,24,2026-07-06,30,733.2,4065.6
payment_option_622,request_217,installments,12889.07,3,2024-03-19,31,1487.21,38667.21
payment_option_623,request_217,full_payment,37180,1,2024-03-05,,0,37180
payment_option_624,request_217,installments,2089.16,21,2024-03-05,28,6692.36,43872.36
payment_option_625,request_218,installments,21195893.33,3,2025-08-07,28,2445679.99,63587679.99
payment_option_626,request_218,full_payment,61142000,1,2025-08-07,,0,61142000
payment_option_627,request_218,installments,4483746.67,15,2025-08-10,30,6114200.05,67256200.05
payment_option_628,request_219,installments,580.01,3,2026-04-07,30,66.93,1740.03
payment_option_629,request_219,full_payment,1673.1,1,2026-04-04,,0,1673.1
payment_option_630,request_219,installments,105.96,18,2026-04-11,31,234.18,1907.28
payment_option_631,request_220,full_payment,3118.5,1,2024-06-06,,0,3118.5
payment_option_632,request_220,installments,175.23,21,2024-06-20,28,561.33,3679.83
payment_option_633,request_220,installments,158.52,24,2024-06-09,31,685.98,3804.48
payment_option_634,request_221,full_payment,109800,1,2025-11-03,,0,109800
payment_option_635,request_221,installments,8052,15,2025-11-03,30,10980,120780
payment_option_636,request_221,installments,19764,6,2025-11-06,31,8784,118584
payment_option_637,request_222,full_payment,34078,1,2026-01-05,,0,34078
payment_option_638,request_222,installments,2158.27,18,2026-01-08,31,4770.86,38848.86
payment_option_639,request_222,installments,6134.04,6,2026-01-12,28,2726.24,36804.24
payment_option_640,request_222,installments,1732.3,24,2026-01-19,30,7497.2,41575.2
payment_option_641,request_223,full_payment,898.7,1,2024-09-07,,0,898.7
payment_option_642,request_223,installments,50.5,21,2024-09-14,28,161.8,1060.5
payment_option_643,request_223,installments,161.77,6,2024-09-21,30,71.92,970.62
payment_option_644,request_224,full_payment,10327000,1,2025-02-04,,0,10327000
payment_option_645,request_224,installments,5370040,2,2025-02-04,28,413080,10740080
payment_option_646,request_224,installments,3648873.34,3,2025-02-07,28,619620.02,10946620.02
payment_option_647,request_225,installments,7647120,3,2026-07-20,30,882360,22941360
payment_option_648,request_225,full_payment,22059000,1,2026-07-06,,0,22059000
payment_option_649,request_225,installments,1397070,18,2026-07-06,31,3088260,25147260
payment_option_650,request_226,full_payment,157000,1,2024-12-03,,0,157000
payment_option_651,request_226,installments,8821.9,21,2024-12-06,28,28259.9,185259.9
payment_option_652,request_226,installments,28260,6,2024-12-10,30,12560,169560
payment_option_653,request_226,installments,7980.83,24,2024-12-17,31,34539.92,191539.92
payment_option_654,request_227,full_payment,259700,1,2025-05-05,,0,259700
payment_option_655,request_227,installments,19044.67,15,2025-05-12,30,25970.05,285670.05
payment_option_656,request_228,full_payment,63327000,1,2026-04-07,,0,63327000
payment_option_657,request_228,installments,4010710,18,2026-04-21,31,8865780,72192780
payment_option_658,request_228,installments,3219122.5,24,2026-04-10,30,13931940,77258940
payment_option_659,request_229,installments,529.29,3,2024-03-18,31,61.07,1587.87
payment_option_660,request_229,full_payment,1526.8,1,2024-03-04,,0,1526.8
payment_option_661,request_229,installments,85.79,21,2024-03-04,28,274.79,1801.59
payment_option_662,request_230,full_payment,3537.6,1,2025-08-06,,0,3537.6
payment_option_663,request_230,installments,259.42,15,2025-08-09,30,353.7,3891.3
payment_option_664,request_230,installments,636.77,6,2025-08-13,31,283.02,3820.62
payment_option_665,request_230,installments,179.83,24,2025-08-20,28,778.32,4315.92
payment_option_666,request_231,installments,12378.08,3,2026-01-06,30,1428.24,37134.24
payment_option_667,request_231,full_payment,35706,1,2026-01-03,,0,35706
payment_option_668,request_231,installments,2261.38,18,2026-01-10,31,4998.84,40704.84
payment_option_669,request_232,full_payment,1970.1,1,2024-06-05,,0,1970.1
payment_option_670,request_232,installments,110.7,21,2024-06-19,28,354.6,2324.7
payment_option_671,request_232,installments,100.15,24,2024-06-08,31,433.5,2403.6
payment_option_672,request_233,full_payment,6241000,1,2025-11-07,,0,6241000
payment_option_673,request_233,installments,3245320,2,2025-11-14,31,249640,6490640
payment_option_674,request_234,full_payment,1213.3,1,2026-07-04,,0,1213.3
payment_option_675,request_234,installments,76.84,18,2026-07-07,31,169.82,1383.12
payment_option_676,request_234,installments,61.68,24,2026-07-18,30,267.02,1480.32
payment_option_677,request_235,full_payment,967.2,1,2024-09-06,,0,967.2
payment_option_678,request_235,installments,54.35,21,2024-09-13,28,174.15,1141.35
payment_option_679,request_235,installments,174.1,6,2024-09-20,30,77.4,1044.6
payment_option_680,request_236,full_payment,52383000,1,2025-02-03,,0,52383000
payment_option_681,request_236,installments,3841420,15,2025-02-17,30,5238300,57621300
payment_option_682,request_236,installments,2662802.5,24,2025-02-06,28,11524260,63907260
payment_option_683,request_237,full_payment,23826000,1,2026-04-05,,0,23826000
payment_option_684,request_237,installments,1508980,18,2026-04-05,31,3335640,27161640
payment_option_685,request_237,installments,4288680,6,2026-04-08,28,1906080,25732080
payment_option_686,request_238,installments,230.05,3,2024-12-07,31,26.55,690.15
payment_option_687,request_238,full_payment,663.6,1,2024-12-07,,0,663.6
payment_option_688,request_238,installments,37.29,21,2024-12-10,28,119.49,783.09
payment_option_689,request_239,full_payment,642,1,2025-05-04,,0,642
payment_option_690,request_239,installments,47.08,15,2025-05-11,30,64.2,706.2
payment_option_691,request_239,installments,115.56,6,2025-05-18,31,51.36,693.36
payment_option_692,request_240,full_payment,101200,1,2026-01-06,,0,101200
payment_option_693,request_240,installments,6409.33,18,2026-01-20,31,14167.94,115367.94
payment_option_694,request_240,installments,5144.33,24,2026-01-09,30,22263.92,123463.92
payment_option_695,request_241,installments,7298026.67,3,2024-03-17,31,842080.01,21894080.01
payment_option_696,request_241,full_payment,21052000,1,2024-03-03,,0,21052000
payment_option_697,request_241,installments,1182921.9,21,2024-03-03,28,3789359.9,24841359.9
payment_option_698,request_242,full_payment,1966.8,1,2025-08-05,,0,1966.8
payment_option_699,request_242,installments,144.23,15,2025-08-08,30,196.65,2163.45
payment_option_700,request_242,installments,99.98,24,2025-08-19,28,432.72,2399.52
payment_option_701,request_243,full_payment,17468,1,2026-07-07,,0,17468
payment_option_702,request_243,installments,1106.31,18,2026-07-14,31,2445.58,19913.58
payment_option_703,request_243,installments,3144.24,6,2026-07-21,28,1397.44,18865.44
payment_option_704,request_244,full_payment,49918,1,2024-06-04,,0,49918
payment_option_705,request_244,installments,2804.92,21,2024-06-18,28,8985.32,58903.32
payment_option_706,request_244,installments,8985.24,6,2024-06-04,30,3993.44,53911.44
payment_option_707,request_244,installments,2537.5,24,2024-06-07,31,10982,60900
payment_option_708,request_245,full_payment,128500,1,2025-11-06,,0,128500
payment_option_709,request_245,installments,9423.33,15,2025-11-06,30,12849.95,141349.95
payment_option_710,request_246,installments,22216.48,3,2026-04-03,30,2563.44,66649.44
payment_option_711,request_246,full_payment,64086,1,2026-04-03,,0,64086
payment_option_712,request_246,installments,4058.78,18,2026-04-06,31,8972.04,73058.04
payment_option_713,request_247,full_payment,1059.3,1,2024-09-05,,0,1059.3
payment_option_714,request_247,installments,59.52,21,2024-09-12,28,190.62,1249.92
payment_option_715,request_247,installments,190.67,6,2024-09-19,30,84.72,1144.02
payment_option_716,request_248,full_payment,1965.6,1,2025-02-07,,0,1965.6
payment_option_717,request_248,installments,144.14,15,2025-02-21,30,196.5,2162.1
payment_option_718,request_248,installments,99.92,24,2025-02-10,28,432.48,2398.08
payment_option_719,request_249,full_payment,643.2,1,2026-01-04,,0,643.2
payment_option_720,request_249,installments,40.74,18,2026-01-04,31,90.12,733.32
payment_option_721,request_250,full_payment,124278,1,2024-12-06,,0,124278
payment_option_722,request_250,installments,6983.24,21,2024-12-09,28,22370.04,146648.04
payment_option_723,request_250,installments,6317.47,24,2024-12-20,31,27341.28,151619.28
payment_option_724,request_251,full_payment,1513.6,1,2025-05-03,,0,1513.6
payment_option_725,request_251,installments,111,15,2025-05-10,30,151.4,1665
payment_option_726,request_252,full_payment,28082000,1,2026-07-05,,0,28082000
payment_option_727,request_252,installments,1778526.67,18,2026-07-19,31,3931480.06,32013480.06
payment_option_728,request_252,installments,1427501.67,24,2026-07-08,30,6178040.08,34260040.08
payment_option_729,request_253,installments,984.6,3,2024-03-21,31,113.6,2953.8
payment_option_730,request_253,full_payment,2840.2,1,2024-03-07,,0,2840.2
payment_option_731,request_253,installments,159.59,21,2024-03-07,28,511.19,3351.39
payment_option_732,request_254,full_payment,3535.2,1,2025-08-04,,0,3535.2
payment_option_733,request_254,installments,259.25,15,2025-08-07,30,353.55,3888.75
payment_option_734,request_254,installments,179.71,24,2025-08-18,28,777.84,4313.04
payment_option_735,request_255,full_payment,3345000,1,2026-04-06,,0,3345000
payment_option_736,request_255,installments,192337.5,18,2026-04-13,31,117075,3462075
payment_option_737,request_256,installments,75816,3,2024-06-10,31,8748,227448
payment_option_738,request_256,full_payment,218700,1,2024-06-03,,0,218700
payment_option_739,request_256,installments,12288.86,21,2024-06-17,28,39366.06,258066.06
payment_option_740,request_257,full_payment,1352.4,1,2025-11-05,,0,1352.4
payment_option_741,request_257,installments,99.18,15,2025-11-05,30,135.3,1487.7
payment_option_742,request_258,full_payment,1113.6,1,2026-01-07,,0,1113.6
payment_option_743,request_258,installments,70.53,18,2026-01-10,31,155.94,1269.54
payment_option_744,request_258,installments,200.45,6,2026-01-14,28,89.1,1202.7
payment_option_745,request_258,installments,56.61,24,2026-01-21,30,245.04,1358.64
payment_option_746,request_259,full_payment,935,1,2024-09-04,,0,935
payment_option_747,request_259,installments,52.54,21,2024-09-11,28,168.34,1103.34
payment_option_748,request_260,full_payment,52079000,1,2025-02-06,,0,52079000
payment_option_749,request_260,installments,3819126.67,15,2025-02-20,30,5207900.05,57286900.05
payment_option_750,request_260,installments,2647349.17,24,2025-02-09,28,11457380.08,63536380.08
payment_option_751,request_261,full_payment,1830.4,1,2026-07-03,,0,1830.4
payment_option_752,request_261,installments,115.93,18,2026-07-03,31,256.34,2086.74
payment_option_753,request_261,installments,329.47,6,2026-07-06,28,146.42,1976.82
payment_option_754,request_262,full_payment,9236000,1,2024-12-05,,0,9236000
payment_option_755,request_262,installments,455202.86,21,2024-12-08,28,323260.06,9559260.06
payment_option_756,request_262,installments,404075,24,2024-12-19,31,461800,9697800
payment_option_757,request_263,full_payment,51546,1,2025-05-07,,0,51546
payment_option_758,request_263,installments,3780.04,15,2025-05-14,30,5154.6,56700.6
payment_option_759,request_264,full_payment,111300,1,2026-04-04,,0,111300
payment_option_760,request_264,installments,7049,18,2026-04-18,31,15582,126882
payment_option_761,request_264,installments,5657.75,24,2026-04-07,30,24486,135786
payment_option_762,request_265,full_payment,45970,1,2024-03-06,,0,45970
payment_option_763,request_265,installments,2265.67,21,2024-03-06,28,1609.07,47579.07
payment_option_764,request_266,installments,324.13,3,2025-08-03,28,37.39,972.39
payment_option_765,request_266,full_payment,935,1,2025-08-03,,0,935
payment_option_766,request_266,installments,68.57,15,2025-08-06,30,93.55,1028.55
payment_option_767,request_267,installments,667.33,3,2026-01-08,30,76.99,2001.99
payment_option_768,request_267,full_payment,1925,1,2026-01-05,,0,1925
payment_option_769,request_267,installments,121.92,18,2026-01-12,31,269.56,2194.56
payment_option_770,request_268,installments,841.22,3,2024-06-14,31,97.06,2523.66
payment_option_771,request_268,full_payment,2426.6,1,2024-06-07,,0,2426.6
payment_option_772,request_268,installments,136.35,21,2024-06-21,28,436.75,2863.35
payment_option_773,request_269,full_payment,15490,1,2025-11-04,,0,15490
payment_option_774,request_269,installments,1068.81,15,2025-11-04,30,542.15,16032.15
payment_option_775,request_270,full_payment,3028.8,1,2026-07-06,,0,3028.8
payment_option_776,request_270,installments,191.82,18,2026-07-09,31,423.96,3452.76
payment_option_777,request_270,installments,153.96,24,2026-07-20,30,666.24,3695.04
payment_option_778,request_271,full_payment,91300,1,2024-09-03,,0,91300
payment_option_779,request_271,installments,5130.19,21,2024-09-10,28,16433.99,107733.99
payment_option_780,request_272,installments,4709466.67,3,2025-02-12,28,543400.01,14128400.01
payment_option_781,request_272,full_payment,13585000,1,2025-02-05,,0,13585000
payment_option_782,request_272,installments,996233.33,15,2025-02-19,30,1358499.95,14943499.95
payment_option_783,request_273,full_payment,15861000,1,2026-04-07,,0,15861000
payment_option_784,request_273,installments,5498480,3,2026-04-07,28,634440,16495440
payment_option_785,request_274,installments,940.75,3,2024-12-04,31,108.55,2822.25
payment_option_786,request_274,full_payment,2713.7,1,2024-12-04,,0,2713.7
payment_option_787,request_274,installments,152.48,21,2024-12-07,28,488.38,3202.08
payment_option_788,request_275,full_payment,15884000,1,2025-05-06,,0,15884000
payment_option_789,request_275,installments,1164826.67,15,2025-05-13,30,1588400.05,17472400.05
payment_option_790,request_275,installments,2859120,6,2025-05-20,31,1270720,17154720
